Número;Mailing;Operador;CNPJ;"RAZAO SOCIAL";"Texto de Integração";Finalizado;Status;Classificação;Subclassificação;"Data que ligou"
31988460825;01-Repescagem_25-11;;71118855000160;REPESCAGEM;;Não;"Em Fila";-;-;"25/11/2025 13:16:10"
31995502452;01-Repescagem_25-11;;56925450000140;REPESCAGEM;;Não;"Em Fila";-;-;"25/11/2025 13:16:10"
87998103750;01-Repescagem_25-11;;49518568000198;REPESCAGEM;;Não;"Em Fila";-;-;"25/11/2025 13:16:10"
38999634310;01-Repescagem_25-11;;15564448000105;REPESCAGEM;;Não;"Em Fila";-;-;"25/11/2025 13:16:10"
11951578689;01-Repescagem_25-11;;63630828000143;REPESCAGEM;;Não;"Em Fila";-;-;"25/11/2025 13:16:10"
54996060789;01-Repescagem_25-11;;90221904000130;REPESCAGEM;;Não;"Em Fila";-;-;"25/11/2025 13:16:10"
16991509891;01-Repescagem_25-11;;63003662000135;REPESCAGEM;;Não;"Em Fila";-;-;"25/11/2025 13:16:10"
91982842861;01-Repescagem_25-11;;12018716000103;REPESCAGEM;;Não;"Em Fila";-;-;"25/11/2025 13:16:10"
91980325152;01-Repescagem_25-11;;22623684000110;REPESCAGEM;;Não;"Em Fila";-;-;"25/11/2025 13:16:10"
11975426741;01-Repescagem_25-11;;62981271000122;REPESCAGEM;;Não;"Em Fila";-;-;"25/11/2025 13:16:10"
49999241116;01-Repescagem_25-11;;59132459000191;REPESCAGEM;;Não;"Em Fila";-;-;"25/11/2025 13:16:10"
28999790966;01-Repescagem_25-11;;63062698000190;REPESCAGEM;;Não;"Em Fila";-;-;"25/11/2025 13:16:10"
21979700447;01-Repescagem_25-11;;60516400000186;REPESCAGEM;;Não;"Em Fila";-;-;"25/11/2025 13:16:10"
31987501328;01-Repescagem_25-11;;51510918000111;REPESCAGEM;;Não;"Em Fila";-;-;"25/11/2025 13:16:10"
19999266255;01-Repescagem_25-11;;63767020000102;REPESCAGEM;;Não;"Em Fila";-;-;"25/11/2025 13:16:10"
73998162517;01-Repescagem_25-11;;57327557000159;REPESCAGEM;;Não;"Em Fila";-;-;"25/11/2025 13:16:10"
47999542148;01-Repescagem_25-11;"Yuri Sales";61453154000123;REPESCAGEM;;Sim;Atendido;Produtiva;"SEM INTERESSE";"25/11/2025 13:16:10"
21986836215;01-Repescagem_25-11;;63287550000153;REPESCAGEM;;Não;"Em Fila";-;-;"25/11/2025 13:16:10"
51994171963;01-Repescagem_25-11;;02874826000105;REPESCAGEM;;Não;"Em Fila";-;-;"25/11/2025 13:16:10"
31999732016;01-Repescagem_25-11;;48430176000100;REPESCAGEM;;Não;"Em Fila";-;-;"25/11/2025 13:16:10"
11988066617;01-Repescagem_25-11;;63766188000101;REPESCAGEM;;Não;"Em Fila";-;-;"25/11/2025 13:16:10"
35988323973;01-Repescagem_25-11;;63679627000130;REPESCAGEM;;Não;"Em Fila";-;-;"25/11/2025 13:16:10"
71993624338;01-Repescagem_25-11;;63218326000100;REPESCAGEM;;Não;"Em Fila";-;-;"25/11/2025 13:16:10"
31971802530;01-Repescagem_25-11;;63424392000136;REPESCAGEM;;Não;"Em Fila";-;-;"25/11/2025 13:16:10"
48988504537;01-Repescagem_25-11;;53051118000105;REPESCAGEM;;Não;"Em Fila";-;-;"25/11/2025 13:16:10"
11972287658;01-Repescagem_25-11;;37540504000376;REPESCAGEM;;Não;"Em Fila";-;-;"25/11/2025 13:16:10"
51989867337;01-Repescagem_25-11;;63694759000131;REPESCAGEM;;Não;"Em Fila";-;-;"25/11/2025 13:16:10"
64999313164;01-Repescagem_25-11;;63289843000170;REPESCAGEM;;Não;"Em Fila";-;-;"25/11/2025 13:16:10"
44999836403;01-Repescagem_25-11;;62993364000177;REPESCAGEM;;Não;"Em Fila";-;-;"25/11/2025 13:16:10"
11972544364;01-Repescagem_25-11;;48904351000153;REPESCAGEM;;Sim;Atendido;-;-;"25/11/2025 13:16:10"
22997441711;01-Repescagem_25-11;;04607558000190;REPESCAGEM;;Não;"Em Fila";-;-;"25/11/2025 13:16:10"
21969129982;01-Repescagem_25-11;;63678654000199;REPESCAGEM;;Não;"Em Fila";-;-;"25/11/2025 13:16:10"
14998888888;01-Repescagem_25-11;;55880501000100;REPESCAGEM;;Não;"Em Fila";-;-;"25/11/2025 13:16:10"
31991517314;01-Repescagem_25-11;;50105434000124;REPESCAGEM;;Não;"Em Fila";-;-;"25/11/2025 13:16:10"
94988144616;01-Repescagem_25-11;;61434736000162;REPESCAGEM;;Não;"Em Fila";-;-;"25/11/2025 13:16:10"
65992496804;01-Repescagem_25-11;;61486193000127;REPESCAGEM;;Não;"Em Fila";-;-;"25/11/2025 13:16:10"
61981915656;01-Repescagem_25-11;;46897953000103;REPESCAGEM;;Não;"Em Fila";-;-;"25/11/2025 13:16:10"
19988433443;01-Repescagem_25-11;"Felipe Arantes Martelo";63153468000136;REPESCAGEM;;Não;"Em Fila";Improdutiva;"QUEDA DE LIGACAO";"25/11/2025 13:16:10"
42999042087;01-Repescagem_25-11;;63493113000196;REPESCAGEM;;Não;"Em Fila";-;-;"25/11/2025 13:16:10"
46988026360;01-Repescagem_25-11;;62982560000146;REPESCAGEM;;Não;"Em Fila";-;-;"25/11/2025 13:16:10"
35997382214;01-Repescagem_25-11;;48698167000102;REPESCAGEM;;Não;"Em Fila";-;-;"25/11/2025 13:16:10"
63992189090;01-Repescagem_25-11;;42712288000177;REPESCAGEM;;Não;"Em Fila";-;-;"25/11/2025 13:16:10"
61995980945;01-Repescagem_25-11;;63005519000182;REPESCAGEM;;Não;"Em Fila";-;-;"25/11/2025 13:16:10"
75998511792;01-Repescagem_25-11;;05365304000176;REPESCAGEM;;Não;"Em Fila";-;-;"25/11/2025 13:16:10"
91981320994;01-Repescagem_25-11;;55267653000123;REPESCAGEM;;Não;"Em Fila";-;-;"25/11/2025 13:16:10"
15981746699;01-Repescagem_25-11;;53795244000174;REPESCAGEM;;Não;"Em Fila";-;-;"25/11/2025 13:16:10"
61996742478;01-Repescagem_25-11;;35969028000116;REPESCAGEM;;Não;"Em Fila";-;-;"25/11/2025 13:16:10"
91983000018;01-Repescagem_25-11;;63614357000180;REPESCAGEM;;Não;"Em Fila";-;-;"25/11/2025 13:16:10"
83998002563;01-Repescagem_25-11;;53219100000170;REPESCAGEM;;Não;"Em Fila";-;-;"25/11/2025 13:16:10"
91991931326;01-Repescagem_25-11;;63451622000156;REPESCAGEM;;Não;"Em Fila";-;-;"25/11/2025 13:16:10"
53999547009;01-Repescagem_25-11;;41241690000158;REPESCAGEM;;Não;"Em Fila";-;-;"25/11/2025 13:16:11"
11968011764;01-Repescagem_25-11;;47935588000139;REPESCAGEM;;Não;"Em Fila";-;-;"25/11/2025 13:16:11"
38999117633;01-Repescagem_25-11;;46791237000139;REPESCAGEM;;Não;"Em Fila";-;-;"25/11/2025 13:16:11"
86999296915;01-Repescagem_25-11;;30342069000164;REPESCAGEM;;Não;"Em Fila";-;-;"25/11/2025 13:16:11"
11979892808;01-Repescagem_25-11;;29031898000147;REPESCAGEM;;Não;"Em Fila";-;-;"25/11/2025 13:16:11"
88999991737;01-Repescagem_25-11;;62407906000182;REPESCAGEM;;Não;"Em Fila";-;-;"25/11/2025 13:16:11"
21975494191;01-Repescagem_25-11;;63628136000160;REPESCAGEM;;Não;"Em Fila";-;-;"25/11/2025 13:16:11"
17988251015;01-Repescagem_25-11;;50620719000101;REPESCAGEM;;Não;"Em Fila";-;-;"25/11/2025 13:16:11"
14991099150;01-Repescagem_25-11;;22469602000125;REPESCAGEM;;Não;"Em Fila";-;-;"25/11/2025 13:16:11"
61995558581;01-Repescagem_25-11;;35679854000120;REPESCAGEM;;Não;"Em Fila";-;-;"25/11/2025 13:16:11"
11988245352;01-Repescagem_25-11;;39327552000144;REPESCAGEM;;Não;"Em Fila";-;-;"25/11/2025 13:16:11"
53999024803;01-Repescagem_25-11;;60139070000157;REPESCAGEM;;Não;"Em Fila";-;-;"25/11/2025 13:16:11"
65992764533;01-Repescagem_25-11;;37152001000161;REPESCAGEM;;Não;"Em Fila";-;-;"25/11/2025 13:16:11"
47996589782;01-Repescagem_25-11;;22197333000195;REPESCAGEM;;Não;"Em Fila";-;-;"25/11/2025 13:16:11"
11990100884;01-Repescagem_25-11;;63521610000150;REPESCAGEM;;Sim;Atendido;-;-;"25/11/2025 13:16:11"
54999095550;01-Repescagem_25-11;;04523518000160;REPESCAGEM;;Não;"Em Fila";-;-;"25/11/2025 13:16:11"
62992626780;01-Repescagem_25-11;;28978616000150;REPESCAGEM;;Não;"Em Fila";-;-;"25/11/2025 13:16:11"
47992225535;01-Repescagem_25-11;;38593633000123;REPESCAGEM;;Não;"Em Fila";-;-;"25/11/2025 13:16:11"
98984099802;01-Repescagem_25-11;;53138847000101;REPESCAGEM;;Não;"Em Fila";-;-;"25/11/2025 13:16:11"
31986932046;01-Repescagem_25-11;;33200697000101;REPESCAGEM;;Não;"Em Fila";-;-;"25/11/2025 13:16:11"
21995362881;01-Repescagem_25-11;;55321543000100;REPESCAGEM;;Não;"Em Fila";-;-;"25/11/2025 13:16:11"
21996719616;01-Repescagem_25-11;;56946153000180;REPESCAGEM;;Não;"Em Fila";-;-;"25/11/2025 13:16:11"
38999124110;01-Repescagem_25-11;;63517762000180;REPESCAGEM;;Não;"Em Fila";-;-;"25/11/2025 13:16:11"
55996331141;01-Repescagem_25-11;;33091931000100;REPESCAGEM;;Não;"Em Fila";-;-;"25/11/2025 13:16:11"
21980023098;01-Repescagem_25-11;;63545163000170;REPESCAGEM;;Não;"Em Fila";-;-;"25/11/2025 13:16:11"
24988368443;01-Repescagem_25-11;;60858970000154;REPESCAGEM;;Não;"Em Fila";-;-;"25/11/2025 13:16:13"
27999033377;01-Repescagem_25-11;;59278673000150;REPESCAGEM;;Não;"Em Fila";-;-;"25/11/2025 13:16:13"
44991311223;01-Repescagem_25-11;;17397965000162;REPESCAGEM;;Não;"Em Fila";-;-;"25/11/2025 13:16:13"
11991372575;01-Repescagem_25-11;;33402141000190;REPESCAGEM;;Não;"Em Fila";-;-;"25/11/2025 13:16:13"
98985334959;01-Repescagem_25-11;;63569528000104;REPESCAGEM;;Não;"Em Fila";-;-;"25/11/2025 13:16:13"
85996010422;01-Repescagem_25-11;;63614712000110;REPESCAGEM;;Não;"Em Fila";-;-;"25/11/2025 13:16:13"
19971500870;01-Repescagem_25-11;;63534357000170;REPESCAGEM;;Não;"Em Fila";-;-;"25/11/2025 13:16:13"
48996203469;01-Repescagem_25-11;;63703973000107;REPESCAGEM;;Não;"Em Fila";-;-;"25/11/2025 13:16:13"
47991966167;01-Repescagem_25-11;;31563379000171;REPESCAGEM;;Não;"Em Fila";-;-;"25/11/2025 13:16:13"
83996353388;01-Repescagem_25-11;;40892877000159;REPESCAGEM;;Não;"Em Fila";-;-;"25/11/2025 13:16:13"
41995950999;01-Repescagem_25-11;;60543850000168;REPESCAGEM;;Não;"Em Fila";-;-;"25/11/2025 13:16:13"
64999914499;01-Repescagem_25-11;;41470844000183;REPESCAGEM;;Não;"Em Fila";-;-;"25/11/2025 13:16:13"
88997498173;01-Repescagem_25-11;;63479383000142;REPESCAGEM;;Não;"Em Fila";-;-;"25/11/2025 13:16:13"
43988234385;01-Repescagem_25-11;;63536754000180;REPESCAGEM;;Não;"Em Fila";-;-;"25/11/2025 13:16:13"
47999282560;01-Repescagem_25-11;;37887893000149;REPESCAGEM;;Não;"Em Fila";-;-;"25/11/2025 13:16:13"
47996440013;01-Repescagem_25-11;;25157994000185;REPESCAGEM;;Não;"Em Fila";-;-;"25/11/2025 13:16:13"
42999421378;01-Repescagem_25-11;;36312555000116;REPESCAGEM;;Não;"Em Fila";-;-;"25/11/2025 13:16:13"
46999427945;01-Repescagem_25-11;;63597262000103;REPESCAGEM;;Não;"Em Fila";-;-;"25/11/2025 13:16:13"
31981212943;01-Repescagem_25-11;;39431792000194;REPESCAGEM;;Não;"Em Fila";-;-;"25/11/2025 13:16:13"
61994480606;01-Repescagem_25-11;;62938177000190;REPESCAGEM;;Não;"Em Fila";-;-;"25/11/2025 13:16:13"
35991005513;01-Repescagem_25-11;;32624479000123;REPESCAGEM;;Não;"Em Fila";-;-;"25/11/2025 13:16:13"
11967678426;01-Repescagem_25-11;;32307785000136;REPESCAGEM;;Não;"Em Fila";-;-;"25/11/2025 13:16:13"
27995002290;01-Repescagem_25-11;;54312813000146;REPESCAGEM;;Não;"Em Fila";-;-;"25/11/2025 13:16:13"
55999180981;01-Repescagem_25-11;;63525378000129;REPESCAGEM;;Não;"Em Fila";-;-;"25/11/2025 13:16:13"
34988695108;01-Repescagem_25-11;;30922489000110;REPESCAGEM;;Não;"Em Fila";-;-;"25/11/2025 13:16:13"
87991732593;01-Repescagem_25-11;;63504429000136;REPESCAGEM;;Não;"Em Fila";-;-;"25/11/2025 13:16:14"
16991564641;01-Repescagem_25-11;;63494407000132;REPESCAGEM;;Não;"Em Fila";-;-;"25/11/2025 13:16:14"
44998442146;01-Repescagem_25-11;;28346469000104;REPESCAGEM;;Não;"Em Fila";-;-;"25/11/2025 13:16:14"
11987125465;01-Repescagem_25-11;;37914366000186;REPESCAGEM;;Não;"Em Fila";-;-;"25/11/2025 13:16:14"
83988596519;01-Repescagem_25-11;;62951915000130;REPESCAGEM;;Não;"Em Fila";-;-;"25/11/2025 13:16:14"
54999951973;01-Repescagem_25-11;;63742562000120;REPESCAGEM;;Não;"Em Fila";-;-;"25/11/2025 13:16:14"
32988798212;01-Repescagem_25-11;;63501559000115;REPESCAGEM;;Não;"Em Fila";-;-;"25/11/2025 13:16:15"
61985769867;01-Repescagem_25-11;;63337418000109;REPESCAGEM;;Não;"Em Fila";-;-;"25/11/2025 13:16:15"
33991186053;01-Repescagem_25-11;;59431514000144;REPESCAGEM;;Não;"Em Fila";-;-;"25/11/2025 13:16:15"
46999132023;01-Repescagem_25-11;;57107993000112;REPESCAGEM;;Não;"Em Fila";-;-;"25/11/2025 13:16:15"
47996590795;01-Repescagem_25-11;;63531954000140;REPESCAGEM;;Não;"Em Fila";-;-;"25/11/2025 13:16:15"
81997713820;01-Repescagem_25-11;;33147904000101;REPESCAGEM;;Não;"Em Fila";-;-;"25/11/2025 13:16:16"
88992029033;01-Repescagem_25-11;;37007529000147;REPESCAGEM;;Não;"Em Fila";-;-;"25/11/2025 13:16:16"
63984037044;01-Repescagem_25-11;;63500825000195;REPESCAGEM;;Não;"Em Fila";-;-;"25/11/2025 13:16:16"
34997733937;01-Repescagem_25-11;;63719511000188;REPESCAGEM;;Não;"Em Fila";-;-;"25/11/2025 13:16:16"
22999488286;01-Repescagem_25-11;;63725701000108;REPESCAGEM;;Não;"Em Fila";-;-;"25/11/2025 13:16:16"
83981613664;01-Repescagem_25-11;;52641458000123;REPESCAGEM;;Não;"Em Fila";-;-;"25/11/2025 13:16:17"
51984117658;01-Repescagem_25-11;;60957675000155;REPESCAGEM;;Não;"Em Fila";-;-;"25/11/2025 13:16:18"
92993061145;01-Repescagem_25-11;;16479437000190;REPESCAGEM;;Não;"Em Fila";-;-;"25/11/2025 13:16:18"
41997079076;01-Repescagem_25-11;;44580193000172;REPESCAGEM;;Não;"Em Fila";-;-;"25/11/2025 13:16:18"
51991561850;01-Repescagem_25-11;;62389338000134;REPESCAGEM;;Não;"Em Fila";-;-;"25/11/2025 13:16:19"
12991868973;01-Repescagem_25-11;;63067247000145;REPESCAGEM;;Não;"Em Fila";-;-;"25/11/2025 13:16:19"
69984727243;01-Repescagem_25-11;;42444279000142;REPESCAGEM;;Não;"Em Fila";-;-;"25/11/2025 13:16:19"
31984644281;01-Repescagem_25-11;;63140094000114;REPESCAGEM;;Não;"Em Fila";-;-;"25/11/2025 13:16:21"
27999448919;01-Repescagem_25-11;;45826148000118;REPESCAGEM;;Não;"Em Fila";-;-;"25/11/2025 13:16:21"
48999612016;01-Repescagem_25-11;;50680793000105;REPESCAGEM;;Não;"Em Fila";-;-;"25/11/2025 13:16:21"
51995509374;01-Repescagem_25-11;;42720980000147;REPESCAGEM;;Não;"Em Fila";-;-;"25/11/2025 13:16:22"
77998466202;01-Repescagem_25-11;;45003569000149;REPESCAGEM;;Não;"Em Fila";-;-;"25/11/2025 13:16:22"
91987043476;01-Repescagem_25-11;;63504347000191;REPESCAGEM;;Não;"Em Fila";-;-;"25/11/2025 13:16:22"
27998018034;01-Repescagem_25-11;;63466844000142;REPESCAGEM;;Não;"Em Fila";-;-;"25/11/2025 13:16:31"
34998251101;01-Repescagem_25-11;;63413731000189;REPESCAGEM;;Não;"Em Fila";-;-;"25/11/2025 13:16:31"
44999175569;01-Repescagem_25-11;;63162270000119;REPESCAGEM;;Não;"Em Fila";-;-;"25/11/2025 13:16:31"
81986246180;01-Repescagem_25-11;;24967491000102;REPESCAGEM;;Não;"Em Fila";-;-;"25/11/2025 13:16:31"
51992771451;01-Repescagem_25-11;;63077920000128;REPESCAGEM;;Não;"Em Fila";-;-;"25/11/2025 13:16:31"
82988520674;01-Repescagem_25-11;;43039067000142;REPESCAGEM;;Não;"Em Fila";-;-;"25/11/2025 13:16:31"
13996275573;01-Repescagem_25-11;;63163188000109;REPESCAGEM;;Não;"Em Fila";-;-;"25/11/2025 13:16:31"
41988400700;01-Repescagem_25-11;;62081079000180;REPESCAGEM;;Não;"Em Fila";-;-;"25/11/2025 13:16:31"
98981558300;01-Repescagem_25-11;;23881263000152;REPESCAGEM;;Não;"Em Fila";-;-;"25/11/2025 13:16:31"
91984440143;01-Repescagem_25-11;;45703043000171;REPESCAGEM;;Não;"Em Fila";-;-;"25/11/2025 13:16:31"
16991863008;01-Repescagem_25-11;;63213429000187;REPESCAGEM;;Não;"Em Fila";-;-;"25/11/2025 13:16:31"
93991176657;01-Repescagem_25-11;;13464661000110;REPESCAGEM;;Não;"Em Fila";-;-;"25/11/2025 13:16:31"
11995819643;01-Repescagem_25-11;;44212905000109;REPESCAGEM;;Não;"Em Fila";-;-;"25/11/2025 13:16:31"
61995592995;01-Repescagem_25-11;;44317646000172;REPESCAGEM;;Não;"Em Fila";-;-;"25/11/2025 13:16:31"
85991040261;01-Repescagem_25-11;;42947636000195;REPESCAGEM;;Não;"Em Fila";-;-;"25/11/2025 13:16:31"
73998804912;01-Repescagem_25-11;;53251141000143;REPESCAGEM;;Não;"Em Fila";-;-;"25/11/2025 13:16:31"
61996703012;01-Repescagem_25-11;"Felipe Arantes Martelo";63195875000106;REPESCAGEM;;Não;"Em Fila";"Agendada - 25/11/2025 13:24:08";"RETORNO SEM AGENDAMENTO";"25/11/2025 13:16:31"
15991549934;01-Repescagem_25-11;;43114612000118;REPESCAGEM;;Não;"Em Fila";-;-;"25/11/2025 13:16:31"
49984143340;01-Repescagem_25-11;;63241606000139;REPESCAGEM;;Não;"Em Fila";-;-;"25/11/2025 13:16:31"
38998958728;01-Repescagem_25-11;;63003482000153;REPESCAGEM;;Não;"Em Fila";-;-;"25/11/2025 13:16:31"
92984825341;01-Repescagem_25-11;;50276796000188;REPESCAGEM;;Não;"Em Fila";-;-;"25/11/2025 13:16:31"
51995993606;01-Repescagem_25-11;;63157963000113;REPESCAGEM;;Não;"Em Fila";-;-;"25/11/2025 13:16:31"
74999411896;01-Repescagem_25-11;;53241385000145;REPESCAGEM;;Não;"Em Fila";-;-;"25/11/2025 13:16:31"
16991570666;01-Repescagem_25-11;;62505014000114;REPESCAGEM;;Não;"Em Fila";-;-;"25/11/2025 13:16:31"
65992282898;01-Repescagem_25-11;;63292287000190;REPESCAGEM;;Não;"Em Fila";-;-;"25/11/2025 13:16:31"
62991146904;01-Repescagem_25-11;;63057978000100;REPESCAGEM;;Não;"Em Fila";-;-;"25/11/2025 13:16:33"
21996688803;01-Repescagem_25-11;;10537153000126;REPESCAGEM;;Não;"Em Fila";-;-;"25/11/2025 13:16:33"
61999459501;01-Repescagem_25-11;;63118136000110;REPESCAGEM;;Não;"Em Fila";-;-;"25/11/2025 13:16:33"
65996347999;01-Repescagem_25-11;;63074309000146;REPESCAGEM;;Não;"Em Fila";-;-;"25/11/2025 13:16:33"
51993387505;01-Repescagem_25-11;;63158201000131;REPESCAGEM;;Não;"Em Fila";-;-;"25/11/2025 13:16:33"
51985872349;01-Repescagem_25-11;;39363337000280;REPESCAGEM;;Não;"Em Fila";-;-;"25/11/2025 13:16:33"
31998421660;01-Repescagem_25-11;;19055597000108;REPESCAGEM;;Não;"Em Fila";-;-;"25/11/2025 13:16:33"
88999385352;01-Repescagem_25-11;;14837233000158;REPESCAGEM;;Não;"Em Fila";-;-;"25/11/2025 13:16:33"
45998540936;01-Repescagem_25-11;;62538252000126;REPESCAGEM;;Não;"Em Fila";-;-;"25/11/2025 13:16:33"
44999583699;01-Repescagem_25-11;;63126401000102;REPESCAGEM;;Não;"Em Fila";-;-;"25/11/2025 13:16:33"
42998535691;01-Repescagem_25-11;;63335077000132;REPESCAGEM;;Não;"Em Fila";-;-;"25/11/2025 13:16:33"
41999855999;01-Repescagem_25-11;;63726006000160;REPESCAGEM;;Não;"Em Fila";-;-;"25/11/2025 13:16:33"
66996283056;01-Repescagem_25-11;;63482238000110;REPESCAGEM;;Não;"Em Fila";-;-;"25/11/2025 13:16:33"
82999916962;01-Repescagem_25-11;;51327236000178;REPESCAGEM;;Não;"Em Fila";-;-;"25/11/2025 13:16:33"
91983560102;01-Repescagem_25-11;;19038592000169;REPESCAGEM;;Não;"Em Fila";-;-;"25/11/2025 13:16:33"
62993916805;01-Repescagem_25-11;;63373090000186;REPESCAGEM;;Não;"Em Fila";-;-;"25/11/2025 13:16:33"
62996615394;01-Repescagem_25-11;;62298420000153;REPESCAGEM;;Não;"Em Fila";-;-;"25/11/2025 13:16:33"
31971802530;01-Repescagem_25-11;;63766918000166;REPESCAGEM;;Não;"Em Fila";-;-;"25/11/2025 13:16:33"
51991713995;01-Repescagem_25-11;;48278884000177;REPESCAGEM;;Não;"Em Fila";-;-;"25/11/2025 13:16:33"
87996642223;01-Repescagem_25-11;;63503046000143;REPESCAGEM;;Não;"Em Fila";-;-;"25/11/2025 13:16:33"
87999210242;01-Repescagem_25-11;;20982524000132;REPESCAGEM;;Não;"Em Fila";-;-;"25/11/2025 13:16:33"
77999060938;01-Repescagem_25-11;;63021255000150;REPESCAGEM;;Não;"Em Fila";-;-;"25/11/2025 13:16:33"
54996485526;01-Repescagem_25-11;;50396812000176;REPESCAGEM;;Não;"Em Fila";-;-;"25/11/2025 13:16:33"
61993163848;01-Repescagem_25-11;;42579905000108;REPESCAGEM;;Não;"Em Fila";-;-;"25/11/2025 13:16:33"
92992462732;01-Repescagem_25-11;;22546263000133;REPESCAGEM;;Não;"Em Fila";-;-;"25/11/2025 13:16:33"
96981386836;01-Repescagem_25-11;;27349476000199;REPESCAGEM;;Não;"Em Fila";-;-;"25/11/2025 13:16:34"
21991220616;01-Repescagem_25-11;;62410954000120;REPESCAGEM;;Não;"Em Fila";-;-;"25/11/2025 13:16:34"
85981867043;01-Repescagem_25-11;;43376080000197;REPESCAGEM;;Não;"Em Fila";-;-;"25/11/2025 13:16:34"
85998522022;01-Repescagem_25-11;;63237207000102;REPESCAGEM;;Não;"Em Fila";-;-;"25/11/2025 13:16:34"
62999124708;01-Repescagem_25-11;;62357461000173;REPESCAGEM;;Não;"Em Fila";-;-;"25/11/2025 13:16:34"
68992065168;01-Repescagem_25-11;;63160689000131;REPESCAGEM;;Não;"Em Fila";-;-;"25/11/2025 13:16:34"
14997878825;01-Repescagem_25-11;;63212768000149;REPESCAGEM;;Não;"Em Fila";-;-;"25/11/2025 13:16:34"
19996348766;01-Repescagem_25-11;;62433951000101;REPESCAGEM;;Não;"Em Fila";-;-;"25/11/2025 13:16:34"
84999868572;01-Repescagem_25-11;;48146875000122;REPESCAGEM;;Não;"Em Fila";-;-;"25/11/2025 13:16:34"
61982786465;01-Repescagem_25-11;;63636053000113;REPESCAGEM;;Não;"Em Fila";-;-;"25/11/2025 13:16:34"
81982098804;01-Repescagem_25-11;;44732669000143;REPESCAGEM;;Não;"Em Fila";-;-;"25/11/2025 13:16:34"
94993046990;01-Repescagem_25-11;;63463774000179;REPESCAGEM;;Não;"Em Fila";-;-;"25/11/2025 13:16:34"
14996365860;01-Repescagem_25-11;;30134545000151;REPESCAGEM;;Não;"Em Fila";-;-;"25/11/2025 13:16:34"
54999972976;01-Repescagem_25-11;;44652208000160;REPESCAGEM;;Não;"Em Fila";-;-;"25/11/2025 13:16:34"
21991220616;01-Repescagem_25-11;;62430721000199;REPESCAGEM;;Não;"Em Fila";-;-;"25/11/2025 13:16:34"
51999962875;01-Repescagem_25-11;;49228343000105;REPESCAGEM;;Não;"Em Fila";-;-;"25/11/2025 13:16:34"
77998666934;01-Repescagem_25-11;;63516228000159;REPESCAGEM;;Não;"Em Fila";-;-;"25/11/2025 13:16:34"
87996345115;01-Repescagem_25-11;;32077688000102;REPESCAGEM;;Não;"Em Fila";-;-;"25/11/2025 13:16:34"
17997176708;01-Repescagem_25-11;;11195259000151;REPESCAGEM;;Não;"Em Fila";-;-;"25/11/2025 13:16:34"
17991368621;01-Repescagem_25-11;;53656942000199;REPESCAGEM;;Não;"Em Fila";-;-;"25/11/2025 13:16:34"
35991881312;01-Repescagem_25-11;;50284354000183;REPESCAGEM;;Não;"Em Fila";-;-;"25/11/2025 13:16:34"
11921647300;01-Repescagem_25-11;;86902046000111;REPESCAGEM;;Não;"Em Fila";-;-;"25/11/2025 13:16:34"
16992222908;01-Repescagem_25-11;;28880218000105;REPESCAGEM;;Não;"Em Fila";-;-;"25/11/2025 13:16:34"
16991867979;01-Repescagem_25-11;;32831770000172;REPESCAGEM;;Não;"Em Fila";-;-;"25/11/2025 13:16:34"
18997628793;01-Repescagem_25-11;;14089959000150;REPESCAGEM;;Não;"Em Fila";-;-;"25/11/2025 13:16:34"
18997634435;01-Repescagem_25-11;;56933180000119;REPESCAGEM;;Não;"Em Fila";-;-;"25/11/2025 13:16:35"
11969831550;01-Repescagem_25-11;;63711070000178;REPESCAGEM;;Não;"Em Fila";-;-;"25/11/2025 13:16:35"
42998266882;01-Repescagem_25-11;;63705862000130;REPESCAGEM;;Não;"Em Fila";-;-;"25/11/2025 13:16:35"
51997554747;01-Repescagem_25-11;;26305254000101;REPESCAGEM;;Não;"Em Fila";-;-;"25/11/2025 13:16:35"
61985975795;01-Repescagem_25-11;;03876665000151;REPESCAGEM;;Não;"Em Fila";-;-;"25/11/2025 13:16:35"
91991370389;01-Repescagem_25-11;;63712853000176;REPESCAGEM;;Não;"Em Fila";-;-;"25/11/2025 13:16:35"
55997104589;01-Repescagem_25-11;;63716700000105;REPESCAGEM;;Não;"Em Fila";-;-;"25/11/2025 13:16:35"
55991021947;01-Repescagem_25-11;;58387500000108;REPESCAGEM;;Não;"Em Fila";-;-;"25/11/2025 13:16:35"
51999913717;01-Repescagem_25-11;;60612693000103;REPESCAGEM;;Não;"Em Fila";-;-;"25/11/2025 13:16:35"
84981254667;01-Repescagem_25-11;;40376875000107;REPESCAGEM;;Não;"Em Fila";-;-;"25/11/2025 13:16:35"
11988244774;01-Repescagem_25-11;;51115941000101;REPESCAGEM;;Não;"Em Fila";-;-;"25/11/2025 13:16:35"
51997005625;01-Repescagem_25-11;;28447261000173;REPESCAGEM;;Não;"Em Fila";-;-;"25/11/2025 13:16:35"
19993250209;01-Repescagem_25-11;;49328102000120;REPESCAGEM;;Não;"Em Fila";-;-;"25/11/2025 13:16:35"
14991885104;01-Repescagem_25-11;;54988197000148;REPESCAGEM;;Não;"Em Fila";-;-;"25/11/2025 13:16:35"
47997328051;01-Repescagem_25-11;;60850380000185;REPESCAGEM;;Não;"Em Fila";-;-;"25/11/2025 13:16:35"
49984081451;01-Repescagem_25-11;;63515238000170;REPESCAGEM;;Não;"Em Fila";-;-;"25/11/2025 13:16:35"
19982174083;01-Repescagem_25-11;;52335489000156;REPESCAGEM;;Não;"Em Fila";-;-;"25/11/2025 13:16:35"
17997559044;01-Repescagem_25-11;;10997083000199;REPESCAGEM;;Não;"Em Fila";-;-;"25/11/2025 13:16:35"
32999554748;01-Repescagem_25-11;;28953135000190;REPESCAGEM;;Não;"Em Fila";-;-;"25/11/2025 13:16:35"
19998582585;01-Repescagem_25-11;;63385093000130;REPESCAGEM;;Não;"Em Fila";-;-;"25/11/2025 13:16:35"
21988813200;01-Repescagem_25-11;;30690526000101;REPESCAGEM;;Não;"Em Fila";-;-;"25/11/2025 13:16:35"
67992086763;01-Repescagem_25-11;;28005374000119;REPESCAGEM;;Não;"Em Fila";-;-;"25/11/2025 13:16:35"
27999640398;01-Repescagem_25-11;;53300831000145;REPESCAGEM;;Não;"Em Fila";-;-;"25/11/2025 13:16:35"
19993290811;01-Repescagem_25-11;;58036651000111;REPESCAGEM;;Não;"Em Fila";-;-;"25/11/2025 13:16:35"
68999670072;01-Repescagem_25-11;;61909244000186;REPESCAGEM;;Não;"Em Fila";-;-;"25/11/2025 13:16:35"
71999504260;01-Repescagem_25-11;;63723392000137;REPESCAGEM;;Não;"Em Fila";-;-;"25/11/2025 13:16:36"
47997426587;01-Repescagem_25-11;;63712161000128;REPESCAGEM;;Não;"Em Fila";-;-;"25/11/2025 13:16:36"
51998618816;01-Repescagem_25-11;;63716448000126;REPESCAGEM;;Não;"Em Fila";-;-;"25/11/2025 13:16:36"
99984912564;01-Repescagem_25-11;;59816738000174;REPESCAGEM;;Não;"Em Fila";-;-;"25/11/2025 13:16:36"
11996166961;01-Repescagem_25-11;;33037876000161;REPESCAGEM;;Não;"Em Fila";-;-;"25/11/2025 13:16:38"
21986475574;01-Repescagem_25-11;;19305792000130;REPESCAGEM;;Não;"Em Fila";-;-;"25/11/2025 13:16:38"
14998888888;01-Repescagem_25-11;;61067983000178;REPESCAGEM;;Não;"Em Fila";-;-;"25/11/2025 13:16:38"
66996833971;01-Repescagem_25-11;;47058463000178;REPESCAGEM;;Não;"Em Fila";-;-;"25/11/2025 13:17:02"
16997866726;01-Repescagem_25-11;;12801900000206;REPESCAGEM;;Não;"Em Fila";-;-;"25/11/2025 13:17:02"
47992911446;01-Repescagem_25-11;;54760901000100;REPESCAGEM;;Não;"Em Fila";-;-;"25/11/2025 13:17:02"
98998121002;01-Repescagem_25-11;;37982115000139;REPESCAGEM;;Não;"Em Fila";-;-;"25/11/2025 13:17:02"
21992666337;01-Repescagem_25-11;;52830883000160;REPESCAGEM;;Não;"Em Fila";-;-;"25/11/2025 13:17:02"
19988660449;01-Repescagem_25-11;;63512508000199;REPESCAGEM;;Não;"Em Fila";-;-;"25/11/2025 13:17:02"
14997921684;01-Repescagem_25-11;;63637787000117;REPESCAGEM;;Não;"Em Fila";-;-;"25/11/2025 13:17:02"
35991295830;01-Repescagem_25-11;;60386909000151;REPESCAGEM;;Não;"Em Fila";-;-;"25/11/2025 13:17:02"
47996530558;01-Repescagem_25-11;;59718539000123;REPESCAGEM;;Não;"Em Fila";-;-;"25/11/2025 13:17:02"
11995670661;01-Repescagem_25-11;;31005983000182;REPESCAGEM;;Não;"Em Fila";-;-;"25/11/2025 13:17:03"
51983311616;01-Repescagem_25-11;;49438242000150;REPESCAGEM;;Não;"Em Fila";-;-;"25/11/2025 13:17:03"
48991430510;01-Repescagem_25-11;;61107828000138;REPESCAGEM;;Não;"Em Fila";-;-;"25/11/2025 13:17:03"
19974195384;01-Repescagem_25-11;;54231848000150;REPESCAGEM;;Não;"Em Fila";-;-;"25/11/2025 13:17:03"
55999215320;01-Repescagem_25-11;;51331463000177;REPESCAGEM;;Não;"Em Fila";-;-;"25/11/2025 13:17:03"
14996426063;01-Repescagem_25-11;;28923584000196;REPESCAGEM;;Não;"Em Fila";-;-;"25/11/2025 13:17:03"
16991460686;01-Repescagem_25-11;;14165656000179;REPESCAGEM;;Não;"Em Fila";-;-;"25/11/2025 13:17:03"
21980312013;01-Repescagem_25-11;;48207854000170;REPESCAGEM;;Não;"Em Fila";-;-;"25/11/2025 13:17:03"
34996409553;01-Repescagem_25-11;;00932829000122;REPESCAGEM;;Não;"Em Fila";-;-;"25/11/2025 13:17:03"
22992284155;01-Repescagem_25-11;;23597017000173;REPESCAGEM;;Não;"Em Fila";-;-;"25/11/2025 13:17:04"
11984550190;01-Repescagem_25-11;;24436444000132;REPESCAGEM;;Não;"Em Fila";-;-;"25/11/2025 13:17:04"
41995333551;01-Repescagem_25-11;;52918300000158;REPESCAGEM;;Não;"Em Fila";-;-;"25/11/2025 13:17:04"
16981348761;01-Repescagem_25-11;;44277557000140;REPESCAGEM;;Não;"Em Fila";-;-;"25/11/2025 13:17:04"
69992301455;01-Repescagem_25-11;;26527664000105;REPESCAGEM;;Não;"Em Fila";-;-;"25/11/2025 13:17:04"
41999487163;01-Repescagem_25-11;;09237441000186;REPESCAGEM;;Não;"Em Fila";-;-;"25/11/2025 13:17:04"
31995247314;01-Repescagem_25-11;;43155769000191;REPESCAGEM;;Não;"Em Fila";-;-;"25/11/2025 13:17:04"
51996842204;01-Repescagem_25-11;;16897382000138;REPESCAGEM;;Não;"Em Fila";-;-;"25/11/2025 13:17:04"
11963359048;01-Repescagem_25-11;;46252562000123;REPESCAGEM;;Não;"Em Fila";-;-;"25/11/2025 13:17:04"
11948657272;01-Repescagem_25-11;;13921518000100;REPESCAGEM;;Não;"Em Fila";-;-;"25/11/2025 13:17:04"
14997065468;01-Repescagem_25-11;;15756044000113;REPESCAGEM;;Não;"Em Fila";-;-;"25/11/2025 13:17:04"
11997809633;01-Repescagem_25-11;;28179766000102;REPESCAGEM;;Não;"Em Fila";-;-;"25/11/2025 13:17:04"
48996760565;01-Repescagem_25-11;;54828649000124;REPESCAGEM;;Não;"Em Fila";-;-;"25/11/2025 13:17:04"
14991833684;01-Repescagem_25-11;;63646248000144;REPESCAGEM;;Não;"Em Fila";-;-;"25/11/2025 13:17:04"
16991046509;01-Repescagem_25-11;;52789041000102;REPESCAGEM;;Não;"Em Fila";-;-;"25/11/2025 13:17:04"
11966127838;01-Repescagem_25-11;;38128975000172;REPESCAGEM;;Não;"Em Fila";-;-;"25/11/2025 13:17:04"
19995357730;01-Repescagem_25-11;;17143047000107;REPESCAGEM;;Não;"Em Fila";-;-;"25/11/2025 13:17:04"
47997647486;01-Repescagem_25-11;;50434348000165;REPESCAGEM;;Não;"Em Fila";-;-;"25/11/2025 13:17:04"
71999131333;01-Repescagem_25-11;;47261023000113;REPESCAGEM;;Não;"Em Fila";-;-;"25/11/2025 13:17:05"
21979664777;01-Repescagem_25-11;;14416560000136;REPESCAGEM;;Não;"Em Fila";-;-;"25/11/2025 13:17:05"
22998893066;01-Repescagem_25-11;;52882932000109;REPESCAGEM;;Não;"Em Fila";-;-;"25/11/2025 13:17:05"
21972901139;01-Repescagem_25-11;;22211992000139;REPESCAGEM;;Não;"Em Fila";-;-;"25/11/2025 13:17:05"
27998448186;01-Repescagem_25-11;;55429624000110;REPESCAGEM;;Não;"Em Fila";-;-;"25/11/2025 13:17:05"
44998854710;01-Repescagem_25-11;;54166838000189;REPESCAGEM;;Não;"Em Fila";-;-;"25/11/2025 13:17:05"
55932614883;01-Repescagem_25-11;;09316952000193;REPESCAGEM;;Não;"Em Fila";-;-;"25/11/2025 13:17:05"
21989105358;01-Repescagem_25-11;;63720572000165;REPESCAGEM;;Não;"Em Fila";-;-;"25/11/2025 13:17:05"
99985237470;01-Repescagem_25-11;;58391890000190;REPESCAGEM;;Não;"Em Fila";-;-;"25/11/2025 13:17:05"
47991712362;01-Repescagem_25-11;;50301794000100;REPESCAGEM;;Não;"Em Fila";-;-;"25/11/2025 13:17:05"
27988111001;01-Repescagem_25-11;;55600604000160;REPESCAGEM;;Não;"Em Fila";-;-;"25/11/2025 13:17:05"
88996690562;01-Repescagem_25-11;;44045906000106;REPESCAGEM;;Não;"Em Fila";-;-;"25/11/2025 13:17:05"
27997366846;01-Repescagem_25-11;;11368965000158;REPESCAGEM;;Não;"Em Fila";-;-;"25/11/2025 13:17:05"
51999457518;01-Repescagem_25-11;;46258742000112;REPESCAGEM;;Não;"Em Fila";-;-;"25/11/2025 13:14:40"
51992576953;01-Repescagem_25-11;;50712689000155;REPESCAGEM;;Não;"Em Fila";-;-;"25/11/2025 13:14:40"
38998700162;01-Repescagem_25-11;;49387497000131;REPESCAGEM;;Não;"Em Fila";-;-;"25/11/2025 13:14:40"
92994958928;01-Repescagem_25-11;;10756334000143;REPESCAGEM;;Não;"Em Fila";-;-;"25/11/2025 13:14:40"
83998288888;01-Repescagem_25-11;;63713001000101;REPESCAGEM;;Não;"Em Fila";-;-;"25/11/2025 13:14:40"
15991684485;01-Repescagem_25-11;;50115032000100;REPESCAGEM;;Não;"Em Fila";-;-;"25/11/2025 13:14:40"
41988361896;01-Repescagem_25-11;;40571379000104;REPESCAGEM;;Não;"Em Fila";-;-;"25/11/2025 13:14:40"
47996798899;01-Repescagem_25-11;;34781547000193;REPESCAGEM;;Não;"Em Fila";-;-;"25/11/2025 13:14:40"
27996672065;01-Repescagem_25-11;;58342652000194;REPESCAGEM;;Não;"Em Fila";-;-;"25/11/2025 13:14:40"
14996655119;01-Repescagem_25-11;;27864426000140;REPESCAGEM;;Não;"Em Fila";-;-;"25/11/2025 13:14:40"
43984092431;01-Repescagem_25-11;;63493182000108;REPESCAGEM;;Não;"Em Fila";-;-;"25/11/2025 13:14:40"
82999276861;01-Repescagem_25-11;;63637021000132;REPESCAGEM;;Não;"Em Fila";-;-;"25/11/2025 13:14:40"
93984247436;01-Repescagem_25-11;;59414281000171;REPESCAGEM;;Não;"Em Fila";-;-;"25/11/2025 13:14:40"
49999550374;01-Repescagem_25-11;;17203752000152;REPESCAGEM;;Não;"Em Fila";-;-;"25/11/2025 13:14:40"
49999097543;01-Repescagem_25-11;;33584958000126;REPESCAGEM;;Não;"Em Fila";-;-;"25/11/2025 13:14:40"
81984442757;01-Repescagem_25-11;;53842740000131;REPESCAGEM;;Não;"Em Fila";-;-;"25/11/2025 13:14:40"
14991077549;01-Repescagem_25-11;;61995241000102;REPESCAGEM;;Não;"Em Fila";-;-;"25/11/2025 13:14:40"
16930429825;01-Repescagem_25-11;;42715366000197;REPESCAGEM;;Não;"Em Fila";-;-;"25/11/2025 13:14:40"
11995346911;01-Repescagem_25-11;;09534406000129;REPESCAGEM;;Não;"Em Fila";-;-;"25/11/2025 13:14:40"
19996937774;01-Repescagem_25-11;;60051201000140;REPESCAGEM;;Não;"Em Fila";-;-;"25/11/2025 13:14:40"
11963402340;01-Repescagem_25-11;;63480493000124;REPESCAGEM;;Não;"Em Fila";-;-;"25/11/2025 13:14:40"
86981414705;01-Repescagem_25-11;;60360896000141;REPESCAGEM;;Não;"Em Fila";-;-;"25/11/2025 13:14:40"
98981023616;01-Repescagem_25-11;;63698074000163;REPESCAGEM;;Não;"Em Fila";-;-;"25/11/2025 13:14:40"
47997141860;01-Repescagem_25-11;;35161833000119;REPESCAGEM;;Não;"Em Fila";-;-;"25/11/2025 13:14:40"
63984261444;01-Repescagem_25-11;;31808510000113;REPESCAGEM;;Não;"Em Fila";-;-;"25/11/2025 13:14:40"
21976820619;01-Repescagem_25-11;;63698767000156;REPESCAGEM;;Não;"Em Fila";-;-;"25/11/2025 13:14:40"
85985025046;01-Repescagem_25-11;;63683465000104;REPESCAGEM;;Não;"Em Fila";-;-;"25/11/2025 13:14:40"
48999431632;01-Repescagem_25-11;;63169770000182;REPESCAGEM;;Não;"Em Fila";-;-;"25/11/2025 13:14:40"
51999989648;01-Repescagem_25-11;;08836417000109;REPESCAGEM;;Não;"Em Fila";-;-;"25/11/2025 13:14:40"
84999934178;01-Repescagem_25-11;;37823471000100;REPESCAGEM;;Não;"Em Fila";-;-;"25/11/2025 13:14:40"
51982985875;01-Repescagem_25-11;;46344724000153;REPESCAGEM;;Não;"Em Fila";-;-;"25/11/2025 13:14:40"
19993042610;01-Repescagem_25-11;;07987749000113;REPESCAGEM;;Não;"Em Fila";-;-;"25/11/2025 13:14:40"
27999952840;01-Repescagem_25-11;;22071910000106;REPESCAGEM;;Não;"Em Fila";-;-;"25/11/2025 13:14:40"
22988427220;01-Repescagem_25-11;;58252969000130;REPESCAGEM;;Não;"Em Fila";-;-;"25/11/2025 13:14:40"
48984471586;01-Repescagem_25-11;;62253461000123;REPESCAGEM;;Não;"Em Fila";-;-;"25/11/2025 13:14:40"
21970134479;01-Repescagem_25-11;;15328232000140;REPESCAGEM;;Não;"Em Fila";-;-;"25/11/2025 13:14:40"
81986445076;01-Repescagem_25-11;;37194486000156;REPESCAGEM;;Não;"Em Fila";-;-;"25/11/2025 13:14:40"
16992224126;01-Repescagem_25-11;;30354721000160;REPESCAGEM;;Não;"Em Fila";-;-;"25/11/2025 13:14:40"
51986931181;01-Repescagem_25-11;;59830704000134;REPESCAGEM;;Não;"Em Fila";-;-;"25/11/2025 13:14:40"
38999630908;01-Repescagem_25-11;;29895805000122;REPESCAGEM;;Não;"Em Fila";-;-;"25/11/2025 13:14:40"
94981045856;01-Repescagem_25-11;;63670802000129;REPESCAGEM;;Não;"Em Fila";-;-;"25/11/2025 13:14:40"
69984311242;01-Repescagem_25-11;;30484296000124;REPESCAGEM;;Não;"Em Fila";-;-;"25/11/2025 13:14:40"
18997180583;01-Repescagem_25-11;;54385637000172;REPESCAGEM;;Não;"Em Fila";-;-;"25/11/2025 13:14:40"
75982431168;01-Repescagem_25-11;;56004462000131;REPESCAGEM;;Não;"Em Fila";-;-;"25/11/2025 13:14:40"
42999735713;01-Repescagem_25-11;;49367459000117;REPESCAGEM;;Não;"Em Fila";-;-;"25/11/2025 13:14:40"
31997376662;01-Repescagem_25-11;;59894963000129;REPESCAGEM;;Não;"Em Fila";-;-;"25/11/2025 13:14:40"
48991515967;01-Repescagem_25-11;;21930514000116;REPESCAGEM;;Não;"Em Fila";-;-;"25/11/2025 13:14:40"
15996111651;01-Repescagem_25-11;;63639063000102;REPESCAGEM;;Não;"Em Fila";-;-;"25/11/2025 13:14:40"
31931666565;01-Repescagem_25-11;;63705018000109;REPESCAGEM;;Não;"Em Fila";-;-;"25/11/2025 13:14:40"
11998545656;01-Repescagem_25-11;;37715986000196;REPESCAGEM;;Não;"Em Fila";-;-;"25/11/2025 13:14:40"
37991202821;01-Repescagem_25-11;;35255781000140;REPESCAGEM;;Não;"Em Fila";-;-;"25/11/2025 13:14:40"
11992214757;01-Repescagem_25-11;;30496417000158;REPESCAGEM;;Não;"Em Fila";-;-;"25/11/2025 13:14:40"
31983903418;01-Repescagem_25-11;;59699720000130;REPESCAGEM;;Não;"Em Fila";-;-;"25/11/2025 13:14:40"
14998888888;01-Repescagem_25-11;;53618232000174;REPESCAGEM;;Não;"Em Fila";-;-;"25/11/2025 13:14:40"
94991324770;01-Repescagem_25-11;;57268263000101;REPESCAGEM;;Não;"Em Fila";-;-;"25/11/2025 13:14:40"
48996113415;01-Repescagem_25-11;;49308313000109;REPESCAGEM;;Não;"Em Fila";-;-;"25/11/2025 13:14:40"
65999726084;01-Repescagem_25-11;;52460927000108;REPESCAGEM;;Não;"Em Fila";-;-;"25/11/2025 13:14:40"
69993176157;01-Repescagem_25-11;;48412443000116;REPESCAGEM;;Não;"Em Fila";-;-;"25/11/2025 13:14:40"
85992086149;01-Repescagem_25-11;;61354358000107;REPESCAGEM;;Não;"Em Fila";-;-;"25/11/2025 13:14:40"
47999229429;01-Repescagem_25-11;;63509272000131;REPESCAGEM;;Não;"Em Fila";-;-;"25/11/2025 13:14:40"
94981287841;01-Repescagem_25-11;;46467452000189;REPESCAGEM;;Não;"Em Fila";-;-;"25/11/2025 13:14:40"
51999969470;01-Repescagem_25-11;;54513854000109;REPESCAGEM;;Não;"Em Fila";-;-;"25/11/2025 13:14:40"
11995554452;01-Repescagem_25-11;;61275458000148;REPESCAGEM;;Não;"Em Fila";-;-;"25/11/2025 13:14:40"
24998809282;01-Repescagem_25-11;;58428888000148;REPESCAGEM;;Não;"Em Fila";-;-;"25/11/2025 13:14:40"
77988196862;01-Repescagem_25-11;;59160367000115;REPESCAGEM;;Não;"Em Fila";-;-;"25/11/2025 13:14:40"
51989551010;01-Repescagem_25-11;;63100116000112;REPESCAGEM;;Não;"Em Fila";-;-;"25/11/2025 13:14:40"
55984772065;01-Repescagem_25-11;;43141550000133;REPESCAGEM;;Não;"Em Fila";-;-;"25/11/2025 13:14:40"
61984306759;01-Repescagem_25-11;;59691031000189;REPESCAGEM;;Não;"Em Fila";-;-;"25/11/2025 13:14:40"
12997412707;01-Repescagem_25-11;;60942327000104;REPESCAGEM;;Não;"Em Fila";-;-;"25/11/2025 13:14:40"
17992499811;01-Repescagem_25-11;;43492350000125;REPESCAGEM;;Não;"Em Fila";-;-;"25/11/2025 13:14:40"
53981149944;01-Repescagem_25-11;;57959448000154;REPESCAGEM;;Não;"Em Fila";-;-;"25/11/2025 13:14:40"
21982242595;01-Repescagem_25-11;;61041340000155;REPESCAGEM;;Não;"Em Fila";-;-;"25/11/2025 13:14:40"
41991379721;01-Repescagem_25-11;;63698180000147;REPESCAGEM;;Não;"Em Fila";-;-;"25/11/2025 13:14:40"
77981348645;01-Repescagem_25-11;;58594429000134;REPESCAGEM;;Não;"Em Fila";-;-;"25/11/2025 13:14:40"
98981527401;01-Repescagem_25-11;;05967778000198;REPESCAGEM;;Não;"Em Fila";-;-;"25/11/2025 13:14:40"
17997078855;01-Repescagem_25-11;;62250517000196;REPESCAGEM;;Não;"Em Fila";-;-;"25/11/2025 13:14:40"
75991508932;01-Repescagem_25-11;;43046602000192;REPESCAGEM;;Não;"Em Fila";-;-;"25/11/2025 13:14:40"
11984449168;01-Repescagem_25-11;;48987874000100;REPESCAGEM;;Não;"Em Fila";-;-;"25/11/2025 13:14:40"
51991100655;01-Repescagem_25-11;;22301118000192;REPESCAGEM;;Não;"Em Fila";-;-;"25/11/2025 13:14:40"
81983444424;01-Repescagem_25-11;;54004655000167;REPESCAGEM;;Não;"Em Fila";-;-;"25/11/2025 13:14:40"
55991319697;01-Repescagem_25-11;;05503409000144;REPESCAGEM;;Não;"Em Fila";-;-;"25/11/2025 13:14:40"
19998966157;01-Repescagem_25-11;;63670604000165;REPESCAGEM;;Não;"Em Fila";-;-;"25/11/2025 13:14:40"
63992383595;01-Repescagem_25-11;;61511268000182;REPESCAGEM;;Não;"Em Fila";-;-;"25/11/2025 13:14:40"
47984130399;01-Repescagem_25-11;;13428888000100;REPESCAGEM;;Não;"Em Fila";-;-;"25/11/2025 13:14:40"
83993071292;01-Repescagem_25-11;;60368877000161;REPESCAGEM;;Não;"Em Fila";-;-;"25/11/2025 13:14:40"
34998734040;01-Repescagem_25-11;;59142953000137;REPESCAGEM;;Não;"Em Fila";-;-;"25/11/2025 13:14:40"
11988787674;01-Repescagem_25-11;;31366846000173;REPESCAGEM;;Não;"Em Fila";-;-;"25/11/2025 13:14:40"
15996676650;01-Repescagem_25-11;;22078055000157;REPESCAGEM;;Não;"Em Fila";-;-;"25/11/2025 13:14:40"
44998128102;01-Repescagem_25-11;;34118634000165;REPESCAGEM;;Não;"Em Fila";-;-;"25/11/2025 13:14:40"
19993911000;01-Repescagem_25-11;;61804718000125;REPESCAGEM;;Não;"Em Fila";-;-;"25/11/2025 13:14:40"
38999359877;01-Repescagem_25-11;;62502081000185;REPESCAGEM;;Não;"Em Fila";-;-;"25/11/2025 13:14:40"
43988573400;01-Repescagem_25-11;;50512627000108;REPESCAGEM;;Não;"Em Fila";-;-;"25/11/2025 13:14:40"
62993958041;01-Repescagem_25-11;;22073634000107;REPESCAGEM;;Não;"Em Fila";-;-;"25/11/2025 13:14:40"
69992047535;01-Repescagem_25-11;;26286697000100;REPESCAGEM;;Não;"Em Fila";-;-;"25/11/2025 13:14:40"
65992043810;01-Repescagem_25-11;;49140891000170;REPESCAGEM;;Não;"Em Fila";-;-;"25/11/2025 13:14:40"
19983626543;01-Repescagem_25-11;;55245680000103;REPESCAGEM;;Não;"Em Fila";-;-;"25/11/2025 13:14:40"
44999522871;01-Repescagem_25-11;;54442123000101;REPESCAGEM;;Não;"Em Fila";-;-;"25/11/2025 13:14:40"
33999967434;01-Repescagem_25-11;;28443964000123;REPESCAGEM;;Não;"Em Fila";-;-;"25/11/2025 13:14:40"
61982770774;01-Repescagem_25-11;;32323077000199;REPESCAGEM;;Não;"Em Fila";-;-;"25/11/2025 13:14:40"
86998087004;01-Repescagem_25-11;;50434418000185;REPESCAGEM;;Não;"Em Fila";-;-;"25/11/2025 13:14:40"
62994042191;01-Repescagem_25-11;;61401552000104;REPESCAGEM;;Não;"Em Fila";-;-;"25/11/2025 13:14:40"
18996342011;01-Repescagem_25-11;;63672287000116;REPESCAGEM;;Não;"Em Fila";-;-;"25/11/2025 13:14:40"
51986380918;01-Repescagem_25-11;;62180490000102;REPESCAGEM;;Não;"Em Fila";-;-;"25/11/2025 13:14:40"
11971350436;01-Repescagem_25-11;;55726612000158;REPESCAGEM;;Não;"Em Fila";-;-;"25/11/2025 13:14:40"
84996571221;01-Repescagem_25-11;;28311475000118;REPESCAGEM;;Não;"Em Fila";-;-;"25/11/2025 13:14:40"
66984426647;01-Repescagem_25-11;;47296286000168;REPESCAGEM;;Não;"Em Fila";-;-;"25/11/2025 13:14:40"
48991037578;01-Repescagem_25-11;;37204102000139;REPESCAGEM;;Não;"Em Fila";-;-;"25/11/2025 13:14:40"
89999076625;01-Repescagem_25-11;;60075750000154;REPESCAGEM;;Não;"Em Fila";-;-;"25/11/2025 13:14:40"
34999311327;01-Repescagem_25-11;;59260928000158;REPESCAGEM;;Não;"Em Fila";-;-;"25/11/2025 13:14:40"
11961940539;01-Repescagem_25-11;;63509282000177;REPESCAGEM;;Não;"Em Fila";-;-;"25/11/2025 13:14:40"
71999679827;01-Repescagem_25-11;;63480359000123;REPESCAGEM;;Não;"Em Fila";-;-;"25/11/2025 13:14:40"
83999646787;01-Repescagem_25-11;;63480912000128;REPESCAGEM;;Não;"Em Fila";-;-;"25/11/2025 13:14:40"
34999162612;01-Repescagem_25-11;;63477059000195;REPESCAGEM;;Não;"Em Fila";-;-;"25/11/2025 13:14:40"
86994749474;01-Repescagem_25-11;;37481319000196;REPESCAGEM;;Não;"Em Fila";-;-;"25/11/2025 13:14:40"
86999999626;01-Repescagem_25-11;;42975924000153;REPESCAGEM;;Não;"Em Fila";-;-;"25/11/2025 13:14:40"
16991916100;01-Repescagem_25-11;;51495465000100;REPESCAGEM;;Não;"Em Fila";-;-;"25/11/2025 13:14:40"
84999349015;01-Repescagem_25-11;;18817076000170;REPESCAGEM;;Não;"Em Fila";-;-;"25/11/2025 13:14:40"
81934239852;01-Repescagem_25-11;;57873542000196;REPESCAGEM;;Não;"Em Fila";-;-;"25/11/2025 13:14:40"
44999435865;01-Repescagem_25-11;;80033327000280;REPESCAGEM;;Não;"Em Fila";-;-;"25/11/2025 13:14:40"
89999884800;01-Repescagem_25-11;;63682216000102;REPESCAGEM;;Não;"Em Fila";-;-;"25/11/2025 13:14:40"
85998157935;01-Repescagem_25-11;;63679586000182;REPESCAGEM;;Não;"Em Fila";-;-;"25/11/2025 13:14:40"
35992579224;01-Repescagem_25-11;;62453844000145;REPESCAGEM;;Não;"Em Fila";-;-;"25/11/2025 13:14:40"
62998676665;01-Repescagem_25-11;;63671914000102;REPESCAGEM;;Não;"Em Fila";-;-;"25/11/2025 13:14:40"
88999038944;01-Repescagem_25-11;;07909110000110;REPESCAGEM;;Não;"Em Fila";-;-;"25/11/2025 13:14:40"
51982499333;01-Repescagem_25-11;;57256772000106;REPESCAGEM;;Não;"Em Fila";-;-;"25/11/2025 13:14:40"
51998332819;01-Repescagem_25-11;;20156208000101;REPESCAGEM;;Não;"Em Fila";-;-;"25/11/2025 13:14:40"
17996074171;01-Repescagem_25-11;;49236801000140;REPESCAGEM;;Não;"Em Fila";-;-;"25/11/2025 13:14:40"
17997125095;01-Repescagem_25-11;;44537564000133;REPESCAGEM;;Não;"Em Fila";-;-;"25/11/2025 13:14:40"
61993114060;01-Repescagem_25-11;;53153199000154;REPESCAGEM;;Não;"Em Fila";-;-;"25/11/2025 13:14:40"
61981215864;01-Repescagem_25-11;;35587854000109;REPESCAGEM;;Não;"Em Fila";-;-;"25/11/2025 13:14:40"
34998105185;01-Repescagem_25-11;;48337528000187;REPESCAGEM;;Não;"Em Fila";-;-;"25/11/2025 13:14:41"
34999087194;01-Repescagem_25-11;;57118756000157;REPESCAGEM;;Não;"Em Fila";-;-;"25/11/2025 13:14:41"
89988150755;01-Repescagem_25-11;;59243296000114;REPESCAGEM;;Não;"Em Fila";-;-;"25/11/2025 13:14:41"
41998520385;01-Repescagem_25-11;;40059767000100;REPESCAGEM;;Não;"Em Fila";-;-;"25/11/2025 13:14:41"
44999739331;01-Repescagem_25-11;;15321663000185;REPESCAGEM;;Não;"Em Fila";-;-;"25/11/2025 13:14:41"
85996705533;01-Repescagem_25-11;;13587123000112;REPESCAGEM;;Não;"Em Fila";-;-;"25/11/2025 13:14:41"
11996090058;01-Repescagem_25-11;;14151026000145;REPESCAGEM;;Não;"Em Fila";-;-;"25/11/2025 13:14:41"
62996361927;01-Repescagem_25-11;;06243971000149;REPESCAGEM;;Não;"Em Fila";-;-;"25/11/2025 13:14:41"
88982189305;01-Repescagem_25-11;;57931702000106;REPESCAGEM;;Não;"Em Fila";-;-;"25/11/2025 13:14:41"
99984073364;01-Repescagem_25-11;;45781586000107;REPESCAGEM;;Não;"Em Fila";-;-;"25/11/2025 13:14:41"
19997768429;01-Repescagem_25-11;;63659009000129;REPESCAGEM;;Não;"Em Fila";-;-;"25/11/2025 13:14:41"
15997162567;01-Repescagem_25-11;;63650166000173;REPESCAGEM;;Não;"Em Fila";-;-;"25/11/2025 13:14:41"
27932391856;01-Repescagem_25-11;;63674847000171;REPESCAGEM;;Não;"Em Fila";-;-;"25/11/2025 13:14:41"
85981277841;01-Repescagem_25-11;;63671761000195;REPESCAGEM;;Não;"Em Fila";-;-;"25/11/2025 13:14:41"
62998120728;01-Repescagem_25-11;;51316754000196;REPESCAGEM;;Não;"Em Fila";-;-;"25/11/2025 13:14:41"
81995264695;01-Repescagem_25-11;;02108796000126;REPESCAGEM;;Não;"Em Fila";-;-;"25/11/2025 13:14:41"
62996544115;01-Repescagem_25-11;;07312188000152;REPESCAGEM;;Não;"Em Fila";-;-;"25/11/2025 13:14:41"
61983088415;01-Repescagem_25-11;;11139544000155;REPESCAGEM;;Não;"Em Fila";-;-;"25/11/2025 13:14:41"
85996173760;01-Repescagem_25-11;;60844109000137;REPESCAGEM;;Não;"Em Fila";-;-;"25/11/2025 13:14:41"
14991037872;01-Repescagem_25-11;;40363565000158;REPESCAGEM;;Não;"Em Fila";-;-;"25/11/2025 13:14:41"
32999055655;01-Repescagem_25-11;;58944369000132;REPESCAGEM;;Não;"Em Fila";-;-;"25/11/2025 13:14:41"
34998883123;01-Repescagem_25-11;;59411773000103;REPESCAGEM;;Não;"Em Fila";-;-;"25/11/2025 13:14:41"
44991161366;01-Repescagem_25-11;;16365174000198;REPESCAGEM;;Não;"Em Fila";-;-;"25/11/2025 13:14:41"
34996924352;01-Repescagem_25-11;;45304874000170;REPESCAGEM;;Não;"Em Fila";-;-;"25/11/2025 13:14:41"
35984531212;01-Repescagem_25-11;;63656048000172;REPESCAGEM;;Não;"Em Fila";-;-;"25/11/2025 13:14:41"
61992356107;01-Repescagem_25-11;;08519930000168;REPESCAGEM;;Não;"Em Fila";-;-;"25/11/2025 13:14:41"
67996956488;01-Repescagem_25-11;;16418181000100;REPESCAGEM;;Não;"Em Fila";-;-;"25/11/2025 13:14:41"
31971943078;01-Repescagem_25-11;;62797516000166;REPESCAGEM;;Não;"Em Fila";-;-;"25/11/2025 13:14:41"
12996516789;01-Repescagem_25-11;;51219323000101;REPESCAGEM;;Não;"Em Fila";-;-;"25/11/2025 13:14:41"
54999404414;01-Repescagem_25-11;;30626919000156;REPESCAGEM;;Não;"Em Fila";-;-;"25/11/2025 13:14:41"
18996498568;01-Repescagem_25-11;;54895064000127;REPESCAGEM;;Não;"Em Fila";-;-;"25/11/2025 13:14:41"
61999334807;01-Repescagem_25-11;;59198933000188;REPESCAGEM;;Não;"Em Fila";-;-;"25/11/2025 13:14:41"
44999775759;01-Repescagem_25-11;;07524552000148;REPESCAGEM;;Não;"Em Fila";-;-;"25/11/2025 13:14:41"
99985214610;01-Repescagem_25-11;;58719615000152;REPESCAGEM;;Não;"Em Fila";-;-;"25/11/2025 13:14:41"
11979966863;01-Repescagem_25-11;;44212560000185;REPESCAGEM;;Não;"Em Fila";-;-;"25/11/2025 13:14:41"
31995005504;01-Repescagem_25-11;;45632227000198;REPESCAGEM;;Não;"Em Fila";-;-;"25/11/2025 13:14:41"
61998328094;01-Repescagem_25-11;;11044275000143;REPESCAGEM;;Não;"Em Fila";-;-;"25/11/2025 13:14:41"
32999035660;01-Repescagem_25-11;;57200342000172;REPESCAGEM;;Não;"Em Fila";-;-;"25/11/2025 13:14:41"
38999527673;01-Repescagem_25-11;;63677856000116;REPESCAGEM;;Não;"Em Fila";-;-;"25/11/2025 13:14:41"
55937841211;01-Repescagem_25-11;;43028386000152;REPESCAGEM;;Não;"Em Fila";-;-;"25/11/2025 13:14:41"
16997755289;01-Repescagem_25-11;;62541185000107;REPESCAGEM;;Não;"Em Fila";-;-;"25/11/2025 13:14:41"
16988389520;01-Repescagem_25-11;;55142528000197;REPESCAGEM;;Não;"Em Fila";-;-;"25/11/2025 13:14:41"
11970705361;01-Repescagem_25-11;;58102210000170;REPESCAGEM;;Não;"Em Fila";-;-;"25/11/2025 13:14:41"
71996324067;01-Repescagem_25-11;;31998598000183;REPESCAGEM;;Não;"Em Fila";-;-;"25/11/2025 13:14:41"
17991231324;01-Repescagem_25-11;;53409271000161;REPESCAGEM;;Não;"Em Fila";-;-;"25/11/2025 13:14:41"
95991431913;01-Repescagem_25-11;;46342761000122;REPESCAGEM;;Não;"Em Fila";-;-;"25/11/2025 13:14:41"
53999639188;01-Repescagem_25-11;;53198565000191;REPESCAGEM;;Não;"Em Fila";-;-;"25/11/2025 13:14:41"
44997435751;01-Repescagem_25-11;;25421992000151;REPESCAGEM;;Não;"Em Fila";-;-;"25/11/2025 13:14:41"
92984019490;01-Repescagem_25-11;;32814447000190;REPESCAGEM;;Não;"Em Fila";-;-;"25/11/2025 13:14:41"
67996608231;01-Repescagem_25-11;;04731086000183;REPESCAGEM;;Não;"Em Fila";-;-;"25/11/2025 13:14:41"
11976106332;01-Repescagem_25-11;;45330261000108;REPESCAGEM;;Não;"Em Fila";-;-;"25/11/2025 13:14:41"
51998732806;01-Repescagem_25-11;;61540620000108;REPESCAGEM;;Não;"Em Fila";-;-;"25/11/2025 13:14:41"
49988864349;01-Repescagem_25-11;;47549791000177;REPESCAGEM;;Não;"Em Fila";-;-;"25/11/2025 13:14:41"
96991748290;01-Repescagem_25-11;;52340337000141;REPESCAGEM;;Não;"Em Fila";-;-;"25/11/2025 13:14:41"
21975671446;01-Repescagem_25-11;;63652979000100;REPESCAGEM;;Não;"Em Fila";-;-;"25/11/2025 13:14:41"
96981460243;01-Repescagem_25-11;;59448427000280;REPESCAGEM;;Não;"Em Fila";-;-;"25/11/2025 13:14:41"
61998604665;01-Repescagem_25-11;;63670314000111;REPESCAGEM;;Não;"Em Fila";-;-;"25/11/2025 13:14:41"
47988101523;01-Repescagem_25-11;;63664173000124;REPESCAGEM;;Não;"Em Fila";-;-;"25/11/2025 13:14:41"
62933114878;01-Repescagem_25-11;;03599900000195;REPESCAGEM;;Não;"Em Fila";-;-;"25/11/2025 13:14:41"
92992189292;01-Repescagem_25-11;;43318862000170;REPESCAGEM;;Não;"Em Fila";-;-;"25/11/2025 13:14:41"
15996801285;01-Repescagem_25-11;;59150645000153;REPESCAGEM;;Não;"Em Fila";-;-;"25/11/2025 13:14:41"
12992337415;01-Repescagem_25-11;;60485762000157;REPESCAGEM;;Não;"Em Fila";-;-;"25/11/2025 13:14:41"
14991032333;01-Repescagem_25-11;;43105891000153;REPESCAGEM;;Não;"Em Fila";-;-;"25/11/2025 13:14:41"
47997496590;01-Repescagem_25-11;;57833693000110;REPESCAGEM;;Não;"Em Fila";-;-;"25/11/2025 13:14:41"
47984785111;01-Repescagem_25-11;;44003808000106;REPESCAGEM;;Não;"Em Fila";-;-;"25/11/2025 13:14:41"
55999172478;01-Repescagem_25-11;;03143114000189;REPESCAGEM;;Não;"Em Fila";-;-;"25/11/2025 13:14:41"
83999219302;01-Repescagem_25-11;;00199882000166;REPESCAGEM;;Não;"Em Fila";-;-;"25/11/2025 13:14:41"
43999840940;01-Repescagem_25-11;;47850641000107;REPESCAGEM;;Não;"Em Fila";-;-;"25/11/2025 13:14:41"
31998123154;01-Repescagem_25-11;;48019454000130;REPESCAGEM;;Não;"Em Fila";-;-;"25/11/2025 13:14:41"
62994392310;01-Repescagem_25-11;;29491512000180;REPESCAGEM;;Não;"Em Fila";-;-;"25/11/2025 13:14:41"
91985658025;01-Repescagem_25-11;;41987695000124;REPESCAGEM;;Não;"Em Fila";-;-;"25/11/2025 13:14:41"
22999755819;01-Repescagem_25-11;;49544432000152;REPESCAGEM;;Não;"Em Fila";-;-;"25/11/2025 13:14:41"
27998533242;01-Repescagem_25-11;;30536545000188;REPESCAGEM;;Não;"Em Fila";-;-;"25/11/2025 13:14:41"
62992150017;01-Repescagem_25-11;;46836745000196;REPESCAGEM;;Não;"Em Fila";-;-;"25/11/2025 13:14:41"
11981301535;01-Repescagem_25-11;;26558318000186;REPESCAGEM;;Não;"Em Fila";-;-;"25/11/2025 13:14:41"
34999020400;01-Repescagem_25-11;;54321693000143;REPESCAGEM;;Não;"Em Fila";-;-;"25/11/2025 13:14:41"
18997428836;01-Repescagem_25-11;;54887128000148;REPESCAGEM;;Não;"Em Fila";-;-;"25/11/2025 13:14:41"
43996444661;01-Repescagem_25-11;;62100510000198;REPESCAGEM;;Não;"Em Fila";-;-;"25/11/2025 13:14:41"
14988202797;01-Repescagem_25-11;;62456379000104;REPESCAGEM;;Não;"Em Fila";-;-;"25/11/2025 13:14:41"
31993051455;01-Repescagem_25-11;;30051704000154;REPESCAGEM;;Não;"Em Fila";-;-;"25/11/2025 13:14:41"
51982834252;01-Repescagem_25-11;;58705793000124;REPESCAGEM;;Não;"Em Fila";-;-;"25/11/2025 13:14:41"
54981526247;01-Repescagem_25-11;;20058248000110;REPESCAGEM;;Não;"Em Fila";-;-;"25/11/2025 13:14:41"
11937540022;01-Repescagem_25-11;;63672195000136;REPESCAGEM;;Não;"Em Fila";-;-;"25/11/2025 13:14:41"
16994572565;01-Repescagem_25-11;;58803051000131;REPESCAGEM;;Não;"Em Fila";-;-;"25/11/2025 13:14:41"
89999214789;01-Repescagem_25-11;;27519301000182;REPESCAGEM;;Não;"Em Fila";-;-;"25/11/2025 13:14:41"
62991437430;01-Repescagem_25-11;;51589384000160;REPESCAGEM;;Não;"Em Fila";-;-;"25/11/2025 13:14:41"
47988547070;01-Repescagem_25-11;;47420841000111;REPESCAGEM;;Não;"Em Fila";-;-;"25/11/2025 13:14:41"
16993977117;01-Repescagem_25-11;;67059576000103;REPESCAGEM;;Não;"Em Fila";-;-;"25/11/2025 13:14:41"
14981035808;01-Repescagem_25-11;;40960918000105;REPESCAGEM;;Não;"Em Fila";-;-;"25/11/2025 13:14:41"
51991277705;01-Repescagem_25-11;;62081446000145;REPESCAGEM;;Não;"Em Fila";-;-;"25/11/2025 13:14:41"
86994199745;01-Repescagem_25-11;;54558238000166;REPESCAGEM;;Não;"Em Fila";-;-;"25/11/2025 13:14:41"
11961740681;01-Repescagem_25-11;;59158088000117;REPESCAGEM;;Não;"Em Fila";-;-;"25/11/2025 13:14:41"
73981146353;01-Repescagem_25-11;;19397152000106;REPESCAGEM;;Não;"Em Fila";-;-;"25/11/2025 13:14:41"
14996833637;01-Repescagem_25-11;;45302614000166;REPESCAGEM;;Não;"Em Fila";-;-;"25/11/2025 13:14:41"
41992059362;01-Repescagem_25-11;;54362800000181;REPESCAGEM;;Não;"Em Fila";-;-;"25/11/2025 13:14:41"
31986768944;01-Repescagem_25-11;;42991449000109;REPESCAGEM;;Não;"Em Fila";-;-;"25/11/2025 13:14:41"
83988907897;01-Repescagem_25-11;;60335416000192;REPESCAGEM;;Não;"Em Fila";-;-;"25/11/2025 13:14:41"
48998064484;01-Repescagem_25-11;;44197401000159;REPESCAGEM;;Não;"Em Fila";-;-;"25/11/2025 13:14:41"
42991077143;01-Repescagem_25-11;;29034775000160;REPESCAGEM;;Não;"Em Fila";-;-;"25/11/2025 13:14:41"
47999403060;01-Repescagem_25-11;;62188939000189;REPESCAGEM;;Não;"Em Fila";-;-;"25/11/2025 13:14:41"
91991018164;01-Repescagem_25-11;;18910044000114;REPESCAGEM;;Não;"Em Fila";-;-;"25/11/2025 13:14:41"
67998305612;01-Repescagem_25-11;;58496393000156;REPESCAGEM;;Não;"Em Fila";-;-;"25/11/2025 13:14:41"
28999688710;01-Repescagem_25-11;;55701679000138;REPESCAGEM;;Não;"Em Fila";-;-;"25/11/2025 13:14:41"
85999944114;01-Repescagem_25-11;;01930335000171;REPESCAGEM;;Não;"Em Fila";-;-;"25/11/2025 13:14:41"
51994544982;01-Repescagem_25-11;;63647836000100;REPESCAGEM;;Não;"Em Fila";-;-;"25/11/2025 13:14:41"
42999552465;01-Repescagem_25-11;;62695064000101;REPESCAGEM;;Não;"Em Fila";-;-;"25/11/2025 13:14:41"
14998131584;01-Repescagem_25-11;;63264638000150;REPESCAGEM;;Não;"Em Fila";-;-;"25/11/2025 13:14:41"
66996344554;01-Repescagem_25-11;;59531226000161;REPESCAGEM;;Não;"Em Fila";-;-;"25/11/2025 13:14:41"
45999310162;01-Repescagem_25-11;;38778161000183;REPESCAGEM;;Não;"Em Fila";-;-;"25/11/2025 13:14:41"
11967136591;01-Repescagem_25-11;;51232456000118;REPESCAGEM;;Não;"Em Fila";-;-;"25/11/2025 13:14:41"
47997039272;01-Repescagem_25-11;;57358200000138;REPESCAGEM;;Não;"Em Fila";-;-;"25/11/2025 13:14:41"
99984398002;01-Repescagem_25-11;;39677795000102;REPESCAGEM;;Não;"Em Fila";-;-;"25/11/2025 13:14:41"
83998181810;01-Repescagem_25-11;;43150907000140;REPESCAGEM;;Não;"Em Fila";-;-;"25/11/2025 13:14:41"
91987540948;01-Repescagem_25-11;;58709096000141;REPESCAGEM;;Não;"Em Fila";-;-;"25/11/2025 13:14:41"
51995253071;01-Repescagem_25-11;;59372786000110;REPESCAGEM;;Não;"Em Fila";-;-;"25/11/2025 13:14:41"
47984593657;01-Repescagem_25-11;;57733618000188;REPESCAGEM;;Não;"Em Fila";-;-;"25/11/2025 13:14:41"
37998047918;01-Repescagem_25-11;;62957472000194;REPESCAGEM;;Não;"Em Fila";-;-;"25/11/2025 13:14:41"
63991110640;01-Repescagem_25-11;;59794076000189;REPESCAGEM;;Não;"Em Fila";-;-;"25/11/2025 13:14:41"
11976366060;01-Repescagem_25-11;;62979417000103;REPESCAGEM;;Não;"Em Fila";-;-;"25/11/2025 13:14:41"
41923456789;01-Repescagem_25-11;;63659856000193;REPESCAGEM;;Não;"Em Fila";-;-;"25/11/2025 13:14:41"
55999933410;01-Repescagem_25-11;;63637563000105;REPESCAGEM;;Não;"Em Fila";-;-;"25/11/2025 13:14:41"
15997574922;01-Repescagem_25-11;;63230166000114;REPESCAGEM;;Não;"Em Fila";-;-;"25/11/2025 13:14:41"
43999843494;01-Repescagem_25-11;;24909398000141;REPESCAGEM;;Não;"Em Fila";-;-;"25/11/2025 13:14:41"
41998330903;01-Repescagem_25-11;;58258164000101;REPESCAGEM;;Não;"Em Fila";-;-;"25/11/2025 13:14:41"
62998260240;01-Repescagem_25-11;;61125071000105;REPESCAGEM;;Não;"Em Fila";-;-;"25/11/2025 13:14:41"
66999301267;01-Repescagem_25-11;;54282573000184;REPESCAGEM;;Não;"Em Fila";-;-;"25/11/2025 13:14:41"
47999830746;01-Repescagem_25-11;;54782977000137;REPESCAGEM;;Não;"Em Fila";-;-;"25/11/2025 13:14:41"
32991949440;01-Repescagem_25-11;;58138815000111;REPESCAGEM;;Não;"Em Fila";-;-;"25/11/2025 13:14:41"
19987189008;01-Repescagem_25-11;;60869550000173;REPESCAGEM;;Não;"Em Fila";-;-;"25/11/2025 13:14:41"
16996257978;01-Repescagem_25-11;;62094539000104;REPESCAGEM;;Não;"Em Fila";-;-;"25/11/2025 13:14:41"
11971753191;01-Repescagem_25-11;;17491544000104;REPESCAGEM;;Não;"Em Fila";-;-;"25/11/2025 13:14:41"
17981014010;01-Repescagem_25-11;;55209818000100;REPESCAGEM;;Não;"Em Fila";-;-;"25/11/2025 13:14:41"
13996214324;01-Repescagem_25-11;;55566441000147;REPESCAGEM;;Não;"Em Fila";-;-;"25/11/2025 13:14:41"
31992277526;01-Repescagem_25-11;;47017613000103;REPESCAGEM;;Não;"Em Fila";-;-;"25/11/2025 13:14:41"
18998102490;01-Repescagem_25-11;;49479955000162;REPESCAGEM;;Não;"Em Fila";-;-;"25/11/2025 13:14:41"
11971609595;01-Repescagem_25-11;;41357102000146;REPESCAGEM;;Não;"Em Fila";-;-;"25/11/2025 13:14:41"
19997386579;01-Repescagem_25-11;;53441859000100;REPESCAGEM;;Não;"Em Fila";-;-;"25/11/2025 13:14:41"
31987772664;01-Repescagem_25-11;;54812923000177;REPESCAGEM;;Não;"Em Fila";-;-;"25/11/2025 13:14:41"
61930555555;01-Repescagem_25-11;;60089713000103;REPESCAGEM;;Não;"Em Fila";-;-;"25/11/2025 13:14:41"
17997835699;01-Repescagem_25-11;;43171485000199;REPESCAGEM;;Não;"Em Fila";-;-;"25/11/2025 13:14:41"
31975217465;01-Repescagem_25-11;;58950334000106;REPESCAGEM;;Não;"Em Fila";-;-;"25/11/2025 13:14:41"
65999013085;01-Repescagem_25-11;;63242751000134;REPESCAGEM;;Não;"Em Fila";-;-;"25/11/2025 13:14:41"
27981045522;01-Repescagem_25-11;;62519945000171;REPESCAGEM;;Não;"Em Fila";-;-;"25/11/2025 13:14:41"
64992582636;01-Repescagem_25-11;;53999294000173;REPESCAGEM;;Não;"Em Fila";-;-;"25/11/2025 13:14:41"
51996370078;01-Repescagem_25-11;;63241131000180;REPESCAGEM;;Não;"Em Fila";-;-;"25/11/2025 13:14:41"
21982373131;01-Repescagem_25-11;;08998491000113;REPESCAGEM;;Não;"Em Fila";-;-;"25/11/2025 13:14:41"
31986010994;01-Repescagem_25-11;;60228119000148;REPESCAGEM;;Não;"Em Fila";-;-;"25/11/2025 13:14:41"
31983537841;01-Repescagem_25-11;;49339554000107;REPESCAGEM;;Não;"Em Fila";-;-;"25/11/2025 13:14:41"
85994231864;01-Repescagem_25-11;;58449622000181;REPESCAGEM;;Não;"Em Fila";-;-;"25/11/2025 13:14:41"
79998364800;01-Repescagem_25-11;;60219236000145;REPESCAGEM;;Não;"Em Fila";-;-;"25/11/2025 13:14:41"
44999935773;01-Repescagem_25-11;;63651784000138;REPESCAGEM;;Não;"Em Fila";-;-;"25/11/2025 13:14:41"
67991684578;01-Repescagem_25-11;;63638568000152;REPESCAGEM;;Não;"Em Fila";-;-;"25/11/2025 13:14:41"
42999996797;01-Repescagem_25-11;;63649504000157;REPESCAGEM;;Não;"Em Fila";-;-;"25/11/2025 13:14:41"
11981046745;01-Repescagem_25-11;;34252516000145;REPESCAGEM;;Não;"Em Fila";-;-;"25/11/2025 13:14:41"
24992786458;01-Repescagem_25-11;;60100186000182;REPESCAGEM;;Não;"Em Fila";-;-;"25/11/2025 13:14:41"
11991717790;01-Repescagem_25-11;;04355888000136;REPESCAGEM;;Não;"Em Fila";-;-;"25/11/2025 13:14:41"
98991522283;01-Repescagem_25-11;;43069077000120;REPESCAGEM;;Não;"Em Fila";-;-;"25/11/2025 13:14:41"
84981318476;01-Repescagem_25-11;;63320024000148;REPESCAGEM;;Não;"Em Fila";-;-;"25/11/2025 13:14:41"
62996369373;01-Repescagem_25-11;;63121814000102;REPESCAGEM;;Não;"Em Fila";-;-;"25/11/2025 13:14:41"
85996708180;01-Repescagem_25-11;;59495956000154;REPESCAGEM;;Não;"Em Fila";-;-;"25/11/2025 13:14:41"
75991778220;01-Repescagem_25-11;;09516778000122;REPESCAGEM;;Não;"Em Fila";-;-;"25/11/2025 13:14:41"
63992080577;01-Repescagem_25-11;;59790179000170;REPESCAGEM;;Não;"Em Fila";-;-;"25/11/2025 13:14:41"
37999814671;01-Repescagem_25-11;;63304110000167;REPESCAGEM;;Não;"Em Fila";-;-;"25/11/2025 13:14:41"
27998772214;01-Repescagem_25-11;;60447004000144;REPESCAGEM;;Não;"Em Fila";-;-;"25/11/2025 13:14:41"
11987143019;01-Repescagem_25-11;;49798817000146;REPESCAGEM;;Não;"Em Fila";-;-;"25/11/2025 13:14:41"
11983260421;01-Repescagem_25-11;;34842915000166;REPESCAGEM;;Não;"Em Fila";-;-;"25/11/2025 13:14:41"
43991901994;01-Repescagem_25-11;;43469854000124;REPESCAGEM;;Não;"Em Fila";-;-;"25/11/2025 13:14:41"
71997638139;01-Repescagem_25-11;;63647573000121;REPESCAGEM;;Não;"Em Fila";-;-;"25/11/2025 13:14:41"
41999184843;01-Repescagem_25-11;;18709292000100;REPESCAGEM;;Não;"Em Fila";-;-;"25/11/2025 13:14:41"
49999266288;01-Repescagem_25-11;;38150886000122;REPESCAGEM;;Não;"Em Fila";-;-;"25/11/2025 13:14:41"
14991440553;01-Repescagem_25-11;;47860852000112;REPESCAGEM;;Não;"Em Fila";-;-;"25/11/2025 13:14:41"
21992848946;01-Repescagem_25-11;;10446926000169;REPESCAGEM;;Não;"Em Fila";-;-;"25/11/2025 13:14:41"
69981536767;01-Repescagem_25-11;;25320266000142;REPESCAGEM;;Não;"Em Fila";-;-;"25/11/2025 13:14:41"
55996202019;01-Repescagem_25-11;;63195800000125;REPESCAGEM;;Não;"Em Fila";-;-;"25/11/2025 13:14:41"
18997557401;01-Repescagem_25-11;;45520086000111;REPESCAGEM;;Não;"Em Fila";-;-;"25/11/2025 13:14:41"
67992398365;01-Repescagem_25-11;;51366537000100;REPESCAGEM;;Não;"Em Fila";-;-;"25/11/2025 13:14:41"
17997286501;01-Repescagem_25-11;;63650289000104;REPESCAGEM;;Não;"Em Fila";-;-;"25/11/2025 13:14:41"
51981736086;01-Repescagem_25-11;;59595325000107;REPESCAGEM;;Não;"Em Fila";-;-;"25/11/2025 13:14:41"
41995377337;01-Repescagem_25-11;;63268154000189;REPESCAGEM;;Não;"Em Fila";-;-;"25/11/2025 13:14:41"
67999822530;01-Repescagem_25-11;;59468236000108;REPESCAGEM;;Não;"Em Fila";-;-;"25/11/2025 13:14:41"
18997173849;01-Repescagem_25-11;;51686930000181;REPESCAGEM;;Não;"Em Fila";-;-;"25/11/2025 13:14:41"
66996445188;01-Repescagem_25-11;;60603039000125;REPESCAGEM;;Não;"Em Fila";-;-;"25/11/2025 13:14:41"
34992671103;01-Repescagem_25-11;;43984986000194;REPESCAGEM;;Não;"Em Fila";-;-;"25/11/2025 13:14:41"
48984039333;01-Repescagem_25-11;;56884189000187;REPESCAGEM;;Não;"Em Fila";-;-;"25/11/2025 13:14:41"
19938022164;01-Repescagem_25-11;;61848118000169;REPESCAGEM;;Não;"Em Fila";-;-;"25/11/2025 13:14:41"
21994055702;01-Repescagem_25-11;;18214258000156;REPESCAGEM;;Não;"Em Fila";-;-;"25/11/2025 13:14:41"
86994361417;01-Repescagem_25-11;;43077401000152;REPESCAGEM;;Não;"Em Fila";-;-;"25/11/2025 13:14:41"
11960593383;01-Repescagem_25-11;;52480628000135;REPESCAGEM;;Não;"Em Fila";-;-;"25/11/2025 13:14:41"
61985350803;01-Repescagem_25-11;;42506652000142;REPESCAGEM;;Não;"Em Fila";-;-;"25/11/2025 13:14:41"
17991204689;01-Repescagem_25-11;;61927362000117;REPESCAGEM;;Não;"Em Fila";-;-;"25/11/2025 13:14:41"
18996103527;01-Repescagem_25-11;;47144014000142;REPESCAGEM;;Não;"Em Fila";-;-;"25/11/2025 13:14:41"
35997551960;01-Repescagem_25-11;;63657614000160;REPESCAGEM;;Não;"Em Fila";-;-;"25/11/2025 13:14:41"
62991069750;01-Repescagem_25-11;;63650966000194;REPESCAGEM;;Não;"Em Fila";-;-;"25/11/2025 13:14:41"
46999315244;01-Repescagem_25-11;;60495968000168;REPESCAGEM;;Não;"Em Fila";-;-;"25/11/2025 13:14:41"
84992069017;01-Repescagem_25-11;;57768711000128;REPESCAGEM;;Não;"Em Fila";-;-;"25/11/2025 13:14:41"
95991693931;01-Repescagem_25-11;;10513465000108;REPESCAGEM;;Não;"Em Fila";-;-;"25/11/2025 13:14:41"
43996345000;01-Repescagem_25-11;;49269837000120;REPESCAGEM;;Não;"Em Fila";-;-;"25/11/2025 13:14:41"
12981004839;01-Repescagem_25-11;;33802922000171;REPESCAGEM;;Não;"Em Fila";-;-;"25/11/2025 13:14:41"
18997854533;01-Repescagem_25-11;;27868985000128;REPESCAGEM;;Não;"Em Fila";-;-;"25/11/2025 13:14:41"
67996451934;01-Repescagem_25-11;;60034524000125;REPESCAGEM;;Não;"Em Fila";-;-;"25/11/2025 13:14:41"
48984054724;01-Repescagem_25-11;;32731153000103;REPESCAGEM;;Não;"Em Fila";-;-;"25/11/2025 13:14:41"
91992065737;01-Repescagem_25-11;;60674733000133;REPESCAGEM;;Não;"Em Fila";-;-;"25/11/2025 13:14:41"
95984040929;01-Repescagem_25-11;;34592918000199;REPESCAGEM;;Não;"Em Fila";-;-;"25/11/2025 13:14:41"
47999544068;01-Repescagem_25-11;;59841215000188;REPESCAGEM;;Não;"Em Fila";-;-;"25/11/2025 13:14:41"
14991176860;01-Repescagem_25-11;;52972645000190;REPESCAGEM;;Não;"Em Fila";-;-;"25/11/2025 13:14:41"
75982489270;01-Repescagem_25-11;;42903946000108;REPESCAGEM;;Não;"Em Fila";-;-;"25/11/2025 13:14:41"
65999943310;01-Repescagem_25-11;;10820345000145;REPESCAGEM;;Não;"Em Fila";-;-;"25/11/2025 13:14:41"
38984030712;01-Repescagem_25-11;;63209389000108;REPESCAGEM;;Não;"Em Fila";-;-;"25/11/2025 13:14:41"
14997622977;01-Repescagem_25-11;;24570224000105;REPESCAGEM;;Não;"Em Fila";-;-;"25/11/2025 13:14:41"
74991113592;01-Repescagem_25-11;;05448313000120;REPESCAGEM;;Não;"Em Fila";-;-;"25/11/2025 13:14:41"
33998573752;01-Repescagem_25-11;;13771202000189;REPESCAGEM;;Não;"Em Fila";-;-;"25/11/2025 13:14:41"
51981742742;01-Repescagem_25-11;;56026038000198;REPESCAGEM;;Não;"Em Fila";-;-;"25/11/2025 13:14:41"
16993815580;01-Repescagem_25-11;;61440473000102;REPESCAGEM;;Não;"Em Fila";-;-;"25/11/2025 13:14:41"
27996032927;01-Repescagem_25-11;;30938764000193;REPESCAGEM;;Não;"Em Fila";-;-;"25/11/2025 13:14:41"
95991177828;01-Repescagem_25-11;;58452864000124;REPESCAGEM;;Não;"Em Fila";-;-;"25/11/2025 13:14:41"
38998546698;01-Repescagem_25-11;;29274963000165;REPESCAGEM;;Não;"Em Fila";-;-;"25/11/2025 13:14:41"
63992129002;01-Repescagem_25-11;;39677480000165;REPESCAGEM;;Não;"Em Fila";-;-;"25/11/2025 13:14:41"
61985096509;01-Repescagem_25-11;;24197460000110;REPESCAGEM;;Não;"Em Fila";-;-;"25/11/2025 13:14:41"
61993721687;01-Repescagem_25-11;;63185001000178;REPESCAGEM;;Não;"Em Fila";-;-;"25/11/2025 13:14:41"
87981025232;01-Repescagem_25-11;;61774332000118;REPESCAGEM;;Não;"Em Fila";-;-;"25/11/2025 13:14:41"
65992032853;01-Repescagem_25-11;;62980366000121;REPESCAGEM;;Não;"Em Fila";-;-;"25/11/2025 13:14:41"
51996106816;01-Repescagem_25-11;;58504220000132;REPESCAGEM;;Não;"Em Fila";-;-;"25/11/2025 13:14:41"
51998921166;01-Repescagem_25-11;;23816555000101;REPESCAGEM;;Não;"Em Fila";-;-;"25/11/2025 13:14:41"
67992099406;01-Repescagem_25-11;;59124531000139;REPESCAGEM;;Não;"Em Fila";-;-;"25/11/2025 13:14:41"
79999641265;01-Repescagem_25-11;;60800746000101;REPESCAGEM;;Não;"Em Fila";-;-;"25/11/2025 13:14:41"
61991092222;01-Repescagem_25-11;;59022838000129;REPESCAGEM;;Não;"Em Fila";-;-;"25/11/2025 13:14:41"
33999766585;01-Repescagem_25-11;;59279707000121;REPESCAGEM;;Não;"Em Fila";-;-;"25/11/2025 13:14:41"
94992354837;01-Repescagem_25-11;;59488740000161;REPESCAGEM;;Não;"Em Fila";-;-;"25/11/2025 13:14:41"
51995044827;01-Repescagem_25-11;;50321661000197;REPESCAGEM;;Não;"Em Fila";-;-;"25/11/2025 13:14:41"
61998666926;01-Repescagem_25-11;;23551273000120;REPESCAGEM;;Não;"Em Fila";-;-;"25/11/2025 13:14:41"
92981212035;01-Repescagem_25-11;;04320902000166;REPESCAGEM;;Não;"Em Fila";-;-;"25/11/2025 13:14:41"
91983274439;01-Repescagem_25-11;;17731651000154;REPESCAGEM;;Não;"Em Fila";-;-;"25/11/2025 13:14:41"
68999922400;01-Repescagem_25-11;;47124228000157;REPESCAGEM;;Não;"Em Fila";-;-;"25/11/2025 13:14:41"
99984878841;01-Repescagem_25-11;;57068368000109;REPESCAGEM;;Não;"Em Fila";-;-;"25/11/2025 13:14:41"
27996343782;01-Repescagem_25-11;;56995093000196;REPESCAGEM;;Não;"Em Fila";-;-;"25/11/2025 13:14:41"
38998919877;01-Repescagem_25-11;;61814157000145;REPESCAGEM;;Não;"Em Fila";-;-;"25/11/2025 13:14:41"
62994951467;01-Repescagem_25-11;;57156931000109;REPESCAGEM;;Não;"Em Fila";-;-;"25/11/2025 13:14:41"
42999338066;01-Repescagem_25-11;;63197813000133;REPESCAGEM;;Não;"Em Fila";-;-;"25/11/2025 13:14:41"
67996739805;01-Repescagem_25-11;;59355466000152;REPESCAGEM;;Não;"Em Fila";-;-;"25/11/2025 13:14:41"
48998336228;01-Repescagem_25-11;;63186909000104;REPESCAGEM;;Não;"Em Fila";-;-;"25/11/2025 13:14:41"
77998332032;01-Repescagem_25-11;;05618315000110;REPESCAGEM;;Não;"Em Fila";-;-;"25/11/2025 13:14:41"
54930133200;01-Repescagem_25-11;;44499833000114;REPESCAGEM;;Não;"Em Fila";-;-;"25/11/2025 13:14:41"
65993039861;01-Repescagem_25-11;;47071107000194;REPESCAGEM;;Não;"Em Fila";-;-;"25/11/2025 13:14:41"
83981080204;01-Repescagem_25-11;;46062643000160;REPESCAGEM;;Não;"Em Fila";-;-;"25/11/2025 13:14:41"
85989221864;01-Repescagem_25-11;;43696818000101;REPESCAGEM;;Não;"Em Fila";-;-;"25/11/2025 13:14:41"
14996425342;01-Repescagem_25-11;;13154843000194;REPESCAGEM;;Não;"Em Fila";-;-;"25/11/2025 13:14:41"
84999353031;01-Repescagem_25-11;;06123362000156;REPESCAGEM;;Não;"Em Fila";-;-;"25/11/2025 13:14:41"
83996832144;01-Repescagem_25-11;;24914496000177;REPESCAGEM;;Não;"Em Fila";-;-;"25/11/2025 13:14:41"
91981991629;01-Repescagem_25-11;;21604407000106;REPESCAGEM;;Não;"Em Fila";-;-;"25/11/2025 13:14:41"
49999720918;01-Repescagem_25-11;;59119052000124;REPESCAGEM;;Não;"Em Fila";-;-;"25/11/2025 13:14:41"
37998090330;01-Repescagem_25-11;;61875099000160;REPESCAGEM;;Não;"Em Fila";-;-;"25/11/2025 13:14:41"
31995882918;01-Repescagem_25-11;;30904044000107;REPESCAGEM;;Não;"Em Fila";-;-;"25/11/2025 13:14:41"
85985953190;01-Repescagem_25-11;;48706970000133;REPESCAGEM;;Não;"Em Fila";-;-;"25/11/2025 13:14:41"
68999728878;01-Repescagem_25-11;;46594155000102;REPESCAGEM;;Não;"Em Fila";-;-;"25/11/2025 13:14:41"
91981697909;01-Repescagem_25-11;;32146606000126;REPESCAGEM;;Não;"Em Fila";-;-;"25/11/2025 13:14:41"
92992553591;01-Repescagem_25-11;;57402326000162;REPESCAGEM;;Não;"Em Fila";-;-;"25/11/2025 13:14:41"
79999092757;01-Repescagem_25-11;;58632320000144;REPESCAGEM;;Não;"Em Fila";-;-;"25/11/2025 13:14:41"
18997078365;01-Repescagem_25-11;;63174263000137;REPESCAGEM;;Não;"Em Fila";-;-;"25/11/2025 13:14:41"
19996344732;01-Repescagem_25-11;;60476121000136;REPESCAGEM;;Não;"Em Fila";-;-;"25/11/2025 13:14:41"
63992519000;01-Repescagem_25-11;;12265819000160;REPESCAGEM;;Não;"Em Fila";-;-;"25/11/2025 13:14:41"
17997711394;01-Repescagem_25-11;;60370310000120;REPESCAGEM;;Não;"Em Fila";-;-;"25/11/2025 13:14:41"
67981110952;01-Repescagem_25-11;;60246199000164;REPESCAGEM;;Não;"Em Fila";-;-;"25/11/2025 13:14:41"
11974270787;01-Repescagem_25-11;;62969244000134;REPESCAGEM;;Não;"Em Fila";-;-;"25/11/2025 13:14:41"
62983292772;01-Repescagem_25-11;;53875380000174;REPESCAGEM;;Não;"Em Fila";-;-;"25/11/2025 13:14:41"
67997158080;01-Repescagem_25-11;;58661776000132;REPESCAGEM;;Não;"Em Fila";-;-;"25/11/2025 13:14:41"
79996475136;01-Repescagem_25-11;;54575738000106;REPESCAGEM;;Não;"Em Fila";-;-;"25/11/2025 13:14:41"
31971334188;01-Repescagem_25-11;;59135914000102;REPESCAGEM;;Não;"Em Fila";-;-;"25/11/2025 13:14:41"
51992285905;01-Repescagem_25-11;;58705220000109;REPESCAGEM;;Não;"Em Fila";-;-;"25/11/2025 13:14:41"
82982238310;01-Repescagem_25-11;;57209536000139;REPESCAGEM;;Não;"Em Fila";-;-;"25/11/2025 13:14:41"
14996042524;01-Repescagem_25-11;;44667437000159;REPESCAGEM;;Não;"Em Fila";-;-;"25/11/2025 13:14:41"
86999083085;01-Repescagem_25-11;;56026777000180;REPESCAGEM;;Não;"Em Fila";-;-;"25/11/2025 13:14:41"
63992824562;01-Repescagem_25-11;;43143945000175;REPESCAGEM;;Não;"Em Fila";-;-;"25/11/2025 13:14:41"
11966502935;01-Repescagem_25-11;;60929523000149;REPESCAGEM;;Não;"Em Fila";-;-;"25/11/2025 13:14:41"
86999211277;01-Repescagem_25-11;;04180445000151;REPESCAGEM;;Não;"Em Fila";-;-;"25/11/2025 13:14:41"
47988422991;01-Repescagem_25-11;;13403379000122;REPESCAGEM;;Não;"Em Fila";-;-;"25/11/2025 13:14:41"
35991629055;01-Repescagem_25-11;;24591522000173;REPESCAGEM;;Não;"Em Fila";-;-;"25/11/2025 13:14:41"
12988984276;01-Repescagem_25-11;;43921959000172;REPESCAGEM;;Não;"Em Fila";-;-;"25/11/2025 13:14:41"
69999091012;01-Repescagem_25-11;;27986569000124;REPESCAGEM;;Não;"Em Fila";-;-;"25/11/2025 13:14:41"
44998057013;01-Repescagem_25-11;;22233222000197;REPESCAGEM;;Não;"Em Fila";-;-;"25/11/2025 13:14:41"
31999223340;01-Repescagem_25-11;;57027818000115;REPESCAGEM;;Não;"Em Fila";-;-;"25/11/2025 13:14:41"
35991792460;01-Repescagem_25-11;;52676028000147;REPESCAGEM;;Não;"Em Fila";-;-;"25/11/2025 13:14:41"
34997962027;01-Repescagem_25-11;;59441665000183;REPESCAGEM;;Não;"Em Fila";-;-;"25/11/2025 13:14:41"
69992725162;01-Repescagem_25-11;;35833594000104;REPESCAGEM;;Não;"Em Fila";-;-;"25/11/2025 13:14:41"
64999834030;01-Repescagem_25-11;;06233119000190;REPESCAGEM;;Não;"Em Fila";-;-;"25/11/2025 13:14:41"
75981480106;01-Repescagem_25-11;;53538323000108;REPESCAGEM;;Não;"Em Fila";-;-;"25/11/2025 13:14:41"
94992814378;01-Repescagem_25-11;;15505736000199;REPESCAGEM;;Não;"Em Fila";-;-;"25/11/2025 13:14:41"
91981427612;01-Repescagem_25-11;;58744219000185;REPESCAGEM;;Não;"Em Fila";-;-;"25/11/2025 13:14:41"
28999504545;01-Repescagem_25-11;;58017994000139;REPESCAGEM;;Não;"Em Fila";-;-;"25/11/2025 13:14:41"
65993462905;01-Repescagem_25-11;;58679694000115;REPESCAGEM;;Não;"Em Fila";-;-;"25/11/2025 13:14:41"
98982810391;01-Repescagem_25-11;;59651859000103;REPESCAGEM;;Não;"Em Fila";-;-;"25/11/2025 13:14:41"
87988620875;01-Repescagem_25-11;;59125982000190;REPESCAGEM;;Não;"Em Fila";-;-;"25/11/2025 13:14:41"
94991342801;01-Repescagem_25-11;;13164525000104;REPESCAGEM;;Não;"Em Fila";-;-;"25/11/2025 13:14:41"
74999705889;01-Repescagem_25-11;;07324032000191;REPESCAGEM;;Não;"Em Fila";-;-;"25/11/2025 13:14:41"
74998008631;01-Repescagem_25-11;;52243469000155;REPESCAGEM;;Não;"Em Fila";-;-;"25/11/2025 13:14:41"
43999749461;01-Repescagem_25-11;;52455369000192;REPESCAGEM;;Não;"Em Fila";-;-;"25/11/2025 13:14:41"
22998494767;01-Repescagem_25-11;;58290381000170;REPESCAGEM;;Não;"Em Fila";-;-;"25/11/2025 13:14:41"
31985577800;01-Repescagem_25-11;;59084305000171;REPESCAGEM;;Não;"Em Fila";-;-;"25/11/2025 13:14:41"
15996881286;01-Repescagem_25-11;;42845673000192;REPESCAGEM;;Não;"Em Fila";-;-;"25/11/2025 13:14:41"
31988262725;01-Repescagem_25-11;;62616775000143;REPESCAGEM;;Não;"Em Fila";-;-;"25/11/2025 13:14:41"
17981246957;01-Repescagem_25-11;;59469520000190;REPESCAGEM;;Não;"Em Fila";-;-;"25/11/2025 13:14:41"
14998434819;01-Repescagem_25-11;;38392109000194;REPESCAGEM;;Não;"Em Fila";-;-;"25/11/2025 13:14:41"
31975098768;01-Repescagem_25-11;;53827136000136;REPESCAGEM;;Não;"Em Fila";-;-;"25/11/2025 13:14:41"
15997458600;01-Repescagem_25-11;;13985389000113;REPESCAGEM;;Não;"Em Fila";-;-;"25/11/2025 13:14:41"
66992043759;01-Repescagem_25-11;;07522407000128;REPESCAGEM;;Não;"Em Fila";-;-;"25/11/2025 13:14:41"
85985821276;01-Repescagem_25-11;;58876003000173;REPESCAGEM;;Não;"Em Fila";-;-;"25/11/2025 13:14:41"
62996207593;01-Repescagem_25-11;;36564472000114;REPESCAGEM;;Não;"Em Fila";-;-;"25/11/2025 13:14:41"
99982211877;01-Repescagem_25-11;;57137131000132;REPESCAGEM;;Não;"Em Fila";-;-;"25/11/2025 13:14:41"
15988205494;01-Repescagem_25-11;;52916292000100;REPESCAGEM;;Não;"Em Fila";-;-;"25/11/2025 13:14:41"
11985121493;01-Repescagem_25-11;;60023925000180;REPESCAGEM;;Não;"Em Fila";-;-;"25/11/2025 13:14:41"
21979992234;01-Repescagem_25-11;;59506316000100;REPESCAGEM;;Não;"Em Fila";-;-;"25/11/2025 13:14:41"
63999159200;01-Repescagem_25-11;;33207271000171;REPESCAGEM;;Não;"Em Fila";-;-;"25/11/2025 13:14:41"
67999009584;01-Repescagem_25-11;;63606815000139;REPESCAGEM;;Não;"Em Fila";-;-;"25/11/2025 13:14:41"
11999344241;01-Repescagem_25-11;;62945117000103;REPESCAGEM;;Não;"Em Fila";-;-;"25/11/2025 13:14:41"
18996770545;01-Repescagem_25-11;;62994158000181;REPESCAGEM;;Não;"Em Fila";-;-;"25/11/2025 13:14:41"
64993169110;01-Repescagem_25-11;;63607968000109;REPESCAGEM;;Não;"Em Fila";-;-;"25/11/2025 13:14:41"
11983197631;01-Repescagem_25-11;;55451802000100;REPESCAGEM;;Não;"Em Fila";-;-;"25/11/2025 13:14:41"
91981849020;01-Repescagem_25-11;;57077028000144;REPESCAGEM;;Não;"Em Fila";-;-;"25/11/2025 13:14:41"
12988881062;01-Repescagem_25-11;;59604507000105;REPESCAGEM;;Não;"Em Fila";-;-;"25/11/2025 13:14:41"
11981933954;01-Repescagem_25-11;;19798783000129;REPESCAGEM;;Não;"Em Fila";-;-;"25/11/2025 13:14:41"
41992155668;01-Repescagem_25-11;;23579990000160;REPESCAGEM;;Não;"Em Fila";-;-;"25/11/2025 13:14:41"
51998354375;01-Repescagem_25-11;;45373371000157;REPESCAGEM;;Não;"Em Fila";-;-;"25/11/2025 13:14:41"
65999087475;01-Repescagem_25-11;;58306593000107;REPESCAGEM;;Não;"Em Fila";-;-;"25/11/2025 13:14:41"
19981708026;01-Repescagem_25-11;;63598138000154;REPESCAGEM;;Não;"Em Fila";-;-;"25/11/2025 13:14:41"
43991909046;01-Repescagem_25-11;;63588252000101;REPESCAGEM;;Não;"Em Fila";-;-;"25/11/2025 13:14:41"
77988527977;01-Repescagem_25-11;;63606477000135;REPESCAGEM;;Não;"Em Fila";-;-;"25/11/2025 13:14:41"
21981714880;01-Repescagem_25-11;;63608925000130;REPESCAGEM;;Não;"Em Fila";-;-;"25/11/2025 13:14:41"
51985309553;01-Repescagem_25-11;;63054509000137;REPESCAGEM;;Não;"Em Fila";-;-;"25/11/2025 13:14:41"
38998063069;01-Repescagem_25-11;;62301770000121;REPESCAGEM;;Não;"Em Fila";-;-;"25/11/2025 13:14:41"
87999881251;01-Repescagem_25-11;;43189508000192;REPESCAGEM;;Não;"Em Fila";-;-;"25/11/2025 13:14:41"
17997236869;01-Repescagem_25-11;;39421447000170;REPESCAGEM;;Não;"Em Fila";-;-;"25/11/2025 13:14:41"
37999995052;01-Repescagem_25-11;;63357229000106;REPESCAGEM;;Não;"Em Fila";-;-;"25/11/2025 13:14:41"
21964391972;01-Repescagem_25-11;;50698537000145;REPESCAGEM;;Não;"Em Fila";-;-;"25/11/2025 13:14:41"
12997949289;01-Repescagem_25-11;;54003653000153;REPESCAGEM;;Não;"Em Fila";-;-;"25/11/2025 13:14:41"
75981822933;01-Repescagem_25-11;;50541728000107;REPESCAGEM;;Não;"Em Fila";-;-;"25/11/2025 13:14:41"
11996011836;01-Repescagem_25-11;;57348874000151;REPESCAGEM;;Não;"Em Fila";-;-;"25/11/2025 13:14:41"
31983990375;01-Repescagem_25-11;;63016949000108;REPESCAGEM;;Não;"Em Fila";-;-;"25/11/2025 13:14:41"
16997673634;01-Repescagem_25-11;;22710245000145;REPESCAGEM;;Não;"Em Fila";-;-;"25/11/2025 13:14:41"
18998049802;01-Repescagem_25-11;;47812135000115;REPESCAGEM;;Não;"Em Fila";-;-;"25/11/2025 13:14:41"
16991818114;01-Repescagem_25-11;;57135546000177;REPESCAGEM;;Não;"Em Fila";-;-;"25/11/2025 13:14:41"
47996916656;01-Repescagem_25-11;;63069908000171;REPESCAGEM;;Não;"Em Fila";-;-;"25/11/2025 13:14:41"
14997189016;01-Repescagem_25-11;;13473537000110;REPESCAGEM;;Não;"Em Fila";-;-;"25/11/2025 13:14:41"
35988436408;01-Repescagem_25-11;;08304521000144;REPESCAGEM;;Não;"Em Fila";-;-;"25/11/2025 13:14:41"
21997851088;01-Repescagem_25-11;;63620568000125;REPESCAGEM;;Não;"Em Fila";-;-;"25/11/2025 13:14:41"
73999881241;01-Repescagem_25-11;;19435102000168;REPESCAGEM;;Não;"Em Fila";-;-;"25/11/2025 13:14:41"
81997866834;01-Repescagem_25-11;;43715541000109;REPESCAGEM;;Não;"Em Fila";-;-;"25/11/2025 13:14:41"
21979836971;01-Repescagem_25-11;;53308688000138;REPESCAGEM;;Não;"Em Fila";-;-;"25/11/2025 13:14:41"
11978141013;01-Repescagem_25-11;;61791753000157;REPESCAGEM;;Não;"Em Fila";-;-;"25/11/2025 13:14:41"
31994109805;01-Repescagem_25-11;;23032813000169;REPESCAGEM;;Não;"Em Fila";-;-;"25/11/2025 13:14:41"
31998616193;01-Repescagem_25-11;;57887099000102;REPESCAGEM;;Não;"Em Fila";-;-;"25/11/2025 13:14:41"
27996440602;01-Repescagem_25-11;;63595445000181;REPESCAGEM;;Não;"Em Fila";-;-;"25/11/2025 13:14:41"
61999777575;01-Repescagem_25-11;;58434805000123;REPESCAGEM;;Não;"Em Fila";-;-;"25/11/2025 13:14:41"
48991384499;01-Repescagem_25-11;;41917610000131;REPESCAGEM;;Não;"Em Fila";-;-;"25/11/2025 13:14:41"
51997925728;01-Repescagem_25-11;;26252506000181;REPESCAGEM;;Não;"Em Fila";-;-;"25/11/2025 13:14:41"
51991193511;01-Repescagem_25-11;;38281281000170;REPESCAGEM;;Não;"Em Fila";-;-;"25/11/2025 13:14:41"
14997204412;01-Repescagem_25-11;;61865855000170;REPESCAGEM;;Não;"Em Fila";-;-;"25/11/2025 13:14:41"
54996019849;01-Repescagem_25-11;;63054568000105;REPESCAGEM;;Não;"Em Fila";-;-;"25/11/2025 13:14:41"
69999728830;01-Repescagem_25-11;;47325962000184;REPESCAGEM;;Não;"Em Fila";-;-;"25/11/2025 13:14:41"
48933747783;01-Repescagem_25-11;;44220443000163;REPESCAGEM;;Não;"Em Fila";-;-;"25/11/2025 13:14:41"
32988562931;01-Repescagem_25-11;;63607950000107;REPESCAGEM;;Não;"Em Fila";-;-;"25/11/2025 13:14:41"
45998482261;01-Repescagem_25-11;;63598440000102;REPESCAGEM;;Não;"Em Fila";-;-;"25/11/2025 13:14:41"
31987825202;01-Repescagem_25-11;;63607010000100;REPESCAGEM;;Não;"Em Fila";-;-;"25/11/2025 13:14:41"
11996174146;01-Repescagem_25-11;;62953376000178;REPESCAGEM;;Não;"Em Fila";-;-;"25/11/2025 13:14:41"
16991568555;01-Repescagem_25-11;;12467300000164;REPESCAGEM;;Não;"Em Fila";-;-;"25/11/2025 13:14:41"
81985425225;01-Repescagem_25-11;;53344475000161;REPESCAGEM;;Não;"Em Fila";-;-;"25/11/2025 13:14:41"
19991024424;01-Repescagem_25-11;;60184029000100;REPESCAGEM;;Não;"Em Fila";-;-;"25/11/2025 13:14:41"
32998372780;01-Repescagem_25-11;;63061843000118;REPESCAGEM;;Não;"Em Fila";-;-;"25/11/2025 13:14:41"
34991271797;01-Repescagem_25-11;;62341408000184;REPESCAGEM;;Não;"Em Fila";-;-;"25/11/2025 13:14:41"
51999476136;01-Repescagem_25-11;;39331618000170;REPESCAGEM;;Não;"Em Fila";-;-;"25/11/2025 13:14:41"
11996745356;01-Repescagem_25-11;;62862250000198;REPESCAGEM;;Não;"Em Fila";-;-;"25/11/2025 13:14:41"
71996532069;01-Repescagem_25-11;;41407227000133;REPESCAGEM;;Não;"Em Fila";-;-;"25/11/2025 13:14:41"
22998613920;01-Repescagem_25-11;;14298690000111;REPESCAGEM;;Não;"Em Fila";-;-;"25/11/2025 13:14:41"
